source_id,source_name,city,title,price_usd,url,first_seen_at,last_seen_at,sent_in_email,sent_at,latitude,longitude,thumbnail_url,description
craigslist_7911523143,craigslist,"New York","No Broker Fee! Spacious Updated 2 Bed | Hamilton Heights$2,900Harlem / Morningside",2900.0,https://newyork.craigslist.org/mnh/apa/d/new-york-no-broker-fee-spacious-updated/7911523143.html,"2026-02-02 03:22:35","2026-02-03 05:03:26.349855",0,,,,,
craigslist_7910838562,craigslist,"New York","Huge 1 Bedroom Duplex with outdoor space$3,750Midtown West",3750.0,https://newyork.craigslist.org/mnh/apa/d/new-york-huge-bedroom-duplex-with/7910838562.html,"2026-02-02 03:22:35","2026-02-03 05:03:26.349897",0,,,,,
craigslist_7908028874,craigslist,"New York","Bright Harlem Brownstone Apt | Updated Kitchen | No Broker Fee$3,800Harlem / Morningside",3800.0,https://newyork.craigslist.org/mnh/apa/d/new-york-bright-harlem-brownstone-apt/7908028874.html,"2026-02-02 03:22:35","2026-02-03 05:03:26.349904",0,,,,,
craigslist_7907931468,craigslist,"New York","Balcony 2 bed 2 bath$3,500New York",3500.0,https://newyork.craigslist.org/mnh/apa/d/bronx-balcony-bed-bath/7907931468.html,"2026-02-02 03:22:35","2026-02-03 05:03:26.349910",0,,,,,
craigslist_7907724608,craigslist,"New York","Balcony 2 bed 2 bath$3,500New York",3500.0,https://newyork.craigslist.org/mnh/apa/d/bronx-balcony-bed-bath/7907724608.html,"2026-02-02 03:22:35","2026-02-03 05:03:26.349914",0,,,,,
craigslist_7907620214,craigslist,"New York","Enormous One Bedroom _Balcony_ Roof Deck STUNNER Size West 51st$3,975Midtown West",3975.0,https://newyork.craigslist.org/mnh/apa/d/new-york-enormous-one-bedroom-balcony/7907620214.html,"2026-02-02 03:22:35","2026-02-03 05:03:26.349919",0,,,,,
craigslist_7907212126,craigslist,"New York","211 E35th St large one bedroom, 24 hr doorman, elevator, EIK$3,700Murray Hill",3700.0,https://newyork.craigslist.org/mnh/apa/d/new-york-211-e35th-st-large-one-bedroom/7907212126.html,"2026-02-02 03:22:35","2026-02-03 05:03:26.349923",0,,,,,
craigslist_7907012637,craigslist,"New York","Fully Furnished ONE Bedroom APARTMENT for Rent$3,000Harlem / Morningside",3000.0,https://newyork.craigslist.org/mnh/apa/d/new-york-fully-furnished-one-bedroom/7907012637.html,"2026-02-02 03:22:35","2026-02-03 05:03:26.349927",0,,,,,
craigslist_7906863006,craigslist,"New York","2 BR , 1 Bath  , Close to All$3,550Upper East Side",3550.0,https://newyork.craigslist.org/mnh/apa/d/new-york-br-bath-close-to-all/7906863006.html,"2026-02-02 03:22:35","2026-02-03 05:03:26.349931",0,,,,,
craigslist_7906310155,craigslist,"New York","- like new 1 or 2BR Apartment,11‚Äô Ceilings, Central Air$3,990East Village",3990.0,https://newyork.craigslist.org/mnh/apa/d/new-york-like-new-or-2br-apartment11/7906310155.html,"2026-02-02 03:22:35","2026-02-02 03:58:49.190266",0,,,,,
craigslist_7912426956,craigslist,"New York","Brand-New Residences with In-Unit Laundry next to Clinton Hill and 30$3,888Bedford-Stuyvesant",3888.0,https://newyork.craigslist.org/brk/apa/d/brooklyn-brand-new-residences-with-in/7912426956.html,"2026-02-02 03:22:35","2026-02-03 05:03:26.349948",0,,,,,
craigslist_7912368015,craigslist,"New York","*VERY SPACIOUS,SUNNY, NEAR SHOPS, CAFES, STEPS TO TRAIN PRIME**$2,800FLATBUSH AREA/PROSPECT PARK SOUTH",2800.0,https://newyork.craigslist.org/brk/apa/d/brooklyn-very-spacioussunny-near-shops/7912368015.html,"2026-02-02 03:22:35","2026-02-03 05:03:26.349953",0,,,,,
craigslist_7912299427,craigslist,"New York","‚òÄÔ∏è Sunny 2BR | üè° Top Floor Brownstone | üöÜ Near Express Train$2,750Sunset park",2750.0,https://newyork.craigslist.org/brk/apa/d/brooklyn-sunny-2br-top-floor-brownstone/7912299427.html,"2026-02-02 03:22:35","2026-02-03 05:03:26.349957",0,,,,,
craigslist_7912263880,craigslist,"New York","Williamsburg  two bedroom great location.$3,600Williamsburg",3600.0,https://newyork.craigslist.org/brk/apa/d/brooklyn-williamsburg-two-bedroom-great/7912263880.html,"2026-02-02 03:22:35","2026-02-03 05:03:26.349961",0,,,,,
craigslist_7912262360,craigslist,"New York","Williamsburg one bedroom great location.$2,900Williamsburg",2900.0,https://newyork.craigslist.org/brk/apa/d/brooklyn-williamsburg-one-bedroom-great/7912262360.html,"2026-02-02 03:22:35","2026-02-03 05:03:26.349967",0,,,,,
craigslist_7912236131,craigslist,"New York","Gorgeous HUGE 2 BED IN Prime Williamsburg NEAR GRAHAM L TRAIN$4,000Brooklyn",4000.0,https://newyork.craigslist.org/brk/apa/d/brooklyn-gorgeous-huge-bed-in-prime/7912236131.html,"2026-02-02 03:22:35","2026-02-03 05:03:26.349982",0,,,,,
craigslist_7912166052,craigslist,"New York","NO FEE WONDERFUL OVERSIZED LOFT-LIKE SPACE * 4 ROOMS * BEAUTIFUL RENO$2,700Ridgewood/Bushwick border",2700.0,https://newyork.craigslist.org/brk/apa/d/brooklyn-no-fee-wonderful-oversized/7912166052.html,"2026-02-02 03:22:35","2026-02-03 05:03:26.349988",0,,,,,
craigslist_7912036181,craigslist,"New York","2 bedroom apartment has a sizable private balcony with stunning views$3,700PLG",3700.0,https://newyork.craigslist.org/brk/apa/d/brooklyn-bedroom-apartment-has-sizable/7912036181.html,"2026-02-02 03:22:35","2026-02-03 05:03:26.349993",0,,,,,
craigslist_7912015414,craigslist,"New York","Brand-New Residences with In-Unit Laundry next to Clinton Hill$3,988BedfordBedford-Stuyvesant",3988.0,https://newyork.craigslist.org/brk/apa/d/brooklyn-brand-new-residences-with-in/7912015414.html,"2026-02-02 03:22:35","2026-02-03 05:03:26.350011",0,,,,,
craigslist_7911954021,craigslist,"New York","Bensonhurst 2 bd/1br 2nd floor apartment$2,760Bensonhurst",2760.0,https://newyork.craigslist.org/brk/apa/d/brooklyn-bensonhurst-bd-1br-2nd-floor/7911954021.html,"2026-02-02 03:22:35","2026-02-03 05:03:26.350015",0,,,,,
craigslist_7911942577,craigslist,"New York","Furnished 2 Bdrm, 1 Bath with utilities included$3,250Bedford Stuyvesant",3250.0,https://newyork.craigslist.org/brk/apa/d/brooklyn-furnished-bdrm-bath-with/7911942577.html,"2026-02-02 03:22:35","2026-02-03 05:03:26.350020",0,,,,,
craigslist_7911823336,craigslist,"New York","HUGE bright 1BR+ Home Office! Williamsburg! 6min to L Graham! 900sqft!$3,495Williamsburg",3495.0,https://newyork.craigslist.org/brk/apa/d/brooklyn-huge-bright-1br-home-office/7911823336.html,"2026-02-02 03:22:35","2026-02-03 05:03:26.350024",0,,,,,
craigslist_7911766800,craigslist,"New York","1790 SHEEPSHEAD BAY ROAD ONE BEDROOM NEAR #7 B F TRAIN AND 35MIN TO N$2,650BROOKLYN",2650.0,https://newyork.craigslist.org/brk/apa/d/brooklyn-1790-sheepshead-bay-road-one/7911766800.html,"2026-02-02 03:22:35","2026-02-03 05:03:26.350028",0,,,,,
craigslist_7911703490,craigslist,"New York","#Sunset park# industry#city#Area# D,N#expresstrain#renovated$2,500Brooklyn,",2500.0,https://newyork.craigslist.org/brk/apa/d/brooklyn-sunset-park-industrycityarea/7911703490.html,"2026-02-02 03:22:35","2026-02-03 05:03:26.350032",0,,,,,
craigslist_7911677559,craigslist,"New York","NO FEE*FULL FLOOR*2BR APT*PRIVATE BACKYARD*NEAR J, Z TRAINS*$3,800Bushwick",3800.0,https://newyork.craigslist.org/brk/apa/d/brooklyn-no-feefull-floor2br-aptprivate/7911677559.html,"2026-02-02 03:22:35","2026-02-03 05:03:26.350035",0,,,,,
craigslist_7911649935,craigslist,"New York","APARTMENTS IN GREENPOINT & WILLIAMSBURG BROOKLYN$3,500Brooklyn",3500.0,https://newyork.craigslist.org/brk/apa/d/brooklyn-apartments-in-greenpoint/7911649935.html,"2026-02-02 03:22:35","2026-02-03 05:03:26.350039",0,,,,,
craigslist_7911601413,craigslist,"New York","WILLY B GEM!SUNNY 2 BED!CLOSET SPACE!NEAR SUBWAY!MINS TO CITY!MUST SEE$3,400Williamsburg",3400.0,https://newyork.craigslist.org/brk/apa/d/brooklyn-willy-gemsunny-bedcloset/7911601413.html,"2026-02-02 03:22:35","2026-02-03 05:03:26.350043",0,,,,,
craigslist_7911475173,craigslist,"New York","___HUGE Penthouse ___- Elevator - Gym - Laundry InApt - Roof-Parking__$3,750WILLIAMSBURG right @ M L J Trains___________________________",3750.0,https://newyork.craigslist.org/brk/apa/d/brooklyn-huge-penthouse-elevator-gym/7911475173.html,"2026-02-02 03:22:35","2026-02-03 05:03:26.350207",0,,,,,
craigslist_7911435549,craigslist,"New York","Historic Home on rural lane, 2 hours north of NYC$2,650Germantown, NY",2650.0,https://newyork.craigslist.org/brk/apa/d/germantown-historic-home-on-rural-lane/7911435549.html,"2026-02-02 03:22:35","2026-02-03 05:03:26.350222",0,,,,,
craigslist_7911401228,craigslist,"New York","Renovated all new 2 bedroom includes cooking gas heat hot water dog ok$3,000Bay Ridge",3000.0,https://newyork.craigslist.org/brk/apa/d/brooklyn-renovated-all-new-bedroom/7911401228.html,"2026-02-02 03:22:35","2026-02-03 05:03:26.350227",0,,,,,
craigslist_7911229001,craigslist,"New York","_____FACTORY LOFT_____SUNLIGHT_____LARGE WINDOWS_____HIGH CEILINGS___$2,900WILLIAMSBURG right @ L train JEFFERSON______________________",2900.0,https://newyork.craigslist.org/brk/apa/d/brooklyn-factory-loftsunlightlarge/7911229001.html,"2026-02-02 03:22:35","2026-02-03 05:03:26.350231",0,,,,,
craigslist_7911210447,craigslist,"New York","___HUGE Penthouse ___- Elevator - Gym - Laundry InApt - Roof-Parking__$3,750WILLIAMSBURG right @ M L J Trains___________________________",3750.0,https://newyork.craigslist.org/brk/apa/d/brooklyn-huge-penthouse-elevator-gym/7911210447.html,"2026-02-02 03:22:35","2026-02-03 05:03:26.350235",0,,,,,
craigslist_7911185879,craigslist,"New York","2 bedroom apartment$2,500Far Rockaway",2500.0,https://newyork.craigslist.org/brk/apa/d/far-rockaway-bedroom-apartment/7911185879.html,"2026-02-02 03:22:35","2026-02-03 05:03:26.350238",0,,,,,
craigslist_7910728963,craigslist,"New York","Furnished 2 Bdrm, 1 Bath with utilities included$3,350Bedford Stuyvesant",3350.0,https://newyork.craigslist.org/brk/apa/d/brooklyn-furnished-bdrm-bath-with/7910728963.html,"2026-02-02 03:22:35","2026-02-03 05:03:26.350242",0,,,,,
craigslist_7910585689,craigslist,"New York","___HUGE Penthouse ___- Elevator - Gym - Laundry InApt - Roof-Parking__$3,750WILLIAMSBURG right @ M L J Trains___________________________",3750.0,https://newyork.craigslist.org/brk/apa/d/brooklyn-huge-penthouse-elevator-gym/7910585689.html,"2026-02-02 03:22:35","2026-02-03 05:03:26.350246",0,,,,,
craigslist_7910572817,craigslist,"New York","Newly renovated 2 bed room apartment$3,000Bedford Stuvesant",3000.0,https://newyork.craigslist.org/brk/apa/d/brooklyn-newly-renovated-bed-room/7910572817.html,"2026-02-02 03:22:35","2026-02-03 05:03:26.350250",0,,,,,
craigslist_7910537423,craigslist,"New York","___HUGE LIVINGROOM___- Elevator - Gym - Laundry InApt - Roof-Parking__$3,300WILLIAMSBURG right @ M L J Trains___________________________",3300.0,https://newyork.craigslist.org/brk/apa/d/brooklyn-huge-livingroom-elevator-gym/7910537423.html,"2026-02-02 03:22:35","2026-02-03 05:03:26.350253",0,,,,,
craigslist_7910461381,craigslist,"New York","*Brand*N.E.W*1+1*Expo*Brick*M.U.S.T**S.E.E$2,500Bay Ridge",2500.0,https://newyork.craigslist.org/brk/apa/d/brooklyn-brandnew11expobrickmustsee/7910461381.html,"2026-02-02 03:22:35","2026-02-03 05:03:26.350259",0,,,,,
craigslist_7910407647,craigslist,"New York","Charming Gut-Renovated Garden Apt Near SUNY Downstate & Prospect Park$2,700Flatbush",2700.0,https://newyork.craigslist.org/brk/apa/d/brooklyn-charming-gut-renovated-garden/7910407647.html,"2026-02-02 03:22:35","2026-02-03 05:03:26.350270",0,,,,,
craigslist_7910395008,craigslist,"New York","BRIGHT NO FEE LUXURIOUS 2 BED/2BATH IN CONEY ISLAND$3,079Coney Island",3079.0,https://newyork.craigslist.org/brk/apa/d/brooklyn-bright-no-fee-luxurious-bed/7910395008.html,"2026-02-02 03:22:35","2026-02-03 05:03:26.350274",0,,,,,
craigslist_7910313085,craigslist,"New York","$3000 2 Bedroom 244 Central Ave 3L Bushwick Gem HIGH Ceilings$3,000Bushwick",3000.0,https://newyork.craigslist.org/brk/apa/d/brooklyn-bedroom-244-central-ave-3l/7910313085.html,"2026-02-02 03:22:35","2026-02-03 05:03:26.350278",0,,,,,
craigslist_7910159400,craigslist,"New York","FOR RENT Luxury-1 Bed/1 Bath | Elevator,Gym, Roof Deck PRIME Bushwick!$2,987Brooklyn",2987.0,https://newyork.craigslist.org/brk/apa/d/brooklyn-for-rent-luxury-bed-bath/7910159400.html,"2026-02-02 03:22:35","2026-02-03 05:03:26.350282",0,,,,,
craigslist_7910100329,craigslist,"New York","‚ú® Sun-Filled 1BR with Prime Layout | ‚ú® P.E.R.F.E.C.T. 4 Y.O.U$2,650Bay Ridge",2650.0,https://newyork.craigslist.org/brk/apa/d/brooklyn-sun-filled-1br-with-prime/7910100329.html,"2026-02-02 03:22:35","2026-02-03 05:03:26.350287",0,,,,,
craigslist_7909968000,craigslist,"New York","Bright 2 bedrooms & 1 bathroom for rent$3,095Brooklyn",3095.0,https://newyork.craigslist.org/brk/apa/d/brooklyn-bright-bedrooms-bathroom-for/7909968000.html,"2026-02-02 03:22:35","2026-02-03 05:03:26.350291",0,,,,,
craigslist_7909951237,craigslist,"New York","2 LARGE BR APARTMENT IN BENSONHURST$2,850BENSONHURST ,BROOKLYN",2850.0,https://newyork.craigslist.org/brk/apa/d/brooklyn-large-br-apartment-in/7909951237.html,"2026-02-02 03:22:35","2026-02-03 05:03:26.350296",0,,,,,
craigslist_7909723507,craigslist,"New York","Skyline Living in NYC ‚Äì 93 Floor Luxury Apartment- Furnished- Brooklyn$2,500Downtown Brooklyn",2500.0,https://newyork.craigslist.org/brk/apa/d/brooklyn-skyline-living-in-nyc-93-floor/7909723507.html,"2026-02-02 03:22:35","2026-02-03 05:03:26.350308",0,,,,,
craigslist_7909678115,craigslist,"New York","STEPS TO PROSPECT PARK!SUNNY 1 BED!CLOSET SPACE!NEAR SUBWAY!MUST SEE!$3,000Crown Heights",3000.0,https://newyork.craigslist.org/brk/apa/d/brooklyn-steps-to-prospect-parksunny/7909678115.html,"2026-02-02 03:22:35","2026-02-03 05:03:26.350312",0,,,,,
craigslist_7909557652,craigslist,"New York","üî• NO FEE / NO DEPOSIT ‚Äî 2BR / 2BA ‚Äî Beach ‚Äî Subway 3 Min ‚Äî $2800$2,800Brooklyn",2800.0,https://newyork.craigslist.org/brk/apa/d/brooklyn-no-fee-no-deposit-2br-2ba/7909557652.html,"2026-02-02 03:22:35","2026-02-03 05:03:26.350316",0,,,,,
craigslist_7909432907,craigslist,"New York","NO FEE WONDERFUL OVERSIZED LOFT-LIKE SPACE * 4 ROOMS * BEAUTIFUL RENO$2,700Ridgewood/Bushwick border",2700.0,https://newyork.craigslist.org/brk/apa/d/brooklyn-no-fee-wonderful-oversized/7909432907.html,"2026-02-02 03:22:35","2026-02-03 05:03:26.350320",0,,,,,
craigslist_7909409707,craigslist,"New York","#Sunset park# industry#city#Area# D,N#expresstrain#renovated$2,500Brooklyn,",2500.0,https://newyork.craigslist.org/brk/apa/d/brooklyn-sunset-park-industrycityarea/7909409707.html,"2026-02-02 03:22:35","2026-02-03 05:03:26.350323",0,,,,,
craigslist_7909237268,craigslist,"New York","sunset park Brooklyn artist studio w/private deck MADE Bush Terminal$3,500sunset park",3500.0,https://newyork.craigslist.org/brk/apa/d/brooklyn-sunset-park-brooklyn-artist/7909237268.html,"2026-02-02 03:22:35","2026-02-03 05:03:26.350327",0,,,,,
craigslist_7909102698,craigslist,"New York","Skyline Living in NYC ‚Äì High-Rise 93 Floor Luxury Apartment Furnished$2,500Downtown Brooklyn",2500.0,https://newyork.craigslist.org/brk/apa/d/brooklyn-skyline-living-in-nyc-high/7909102698.html,"2026-02-02 03:22:35","2026-02-03 05:03:26.350331",0,,,,,
craigslist_7909082537,craigslist,"New York","HUGE 2BR for $3500 no fee! Easy subway access, amenities$3,500Bushwick",3500.0,https://newyork.craigslist.org/brk/apa/d/brooklyn-huge-2br-for-3500-no-fee-easy/7909082537.html,"2026-02-02 03:22:35","2026-02-03 05:03:26.350335",0,,,,,
craigslist_7909068812,craigslist,"New York","SUNNY 2 BED 2 BATH GEM!W/D IN BLDG!ROOF DECK!KING SIZE RMS!MUST SEE!$3,200Flatbush",3200.0,https://newyork.craigslist.org/brk/apa/d/brooklyn-sunny-bed-bath-gemw-in/7909068812.html,"2026-02-02 03:22:35","2026-02-03 05:03:26.350338",0,,,,,
craigslist_7909023885,craigslist,"New York","Very spacious, doorman, elevator, laundry, gym, ocean views, no fee$3,600Brighton Beach/Sheepshead Bay",3600.0,https://newyork.craigslist.org/brk/apa/d/brooklyn-very-spacious-doorman-elevator/7909023885.html,"2026-02-02 03:22:35","2026-02-03 05:03:26.350342",0,,,,,
craigslist_7908990793,craigslist,"New York","__HUGE LivingRom 2 Full Bath - Elevator - Gym - Laundry InApt - Roof__$4,000WILLIAMSBURG right @ M L J Trains___________________________",4000.0,https://newyork.craigslist.org/brk/apa/d/brooklyn-huge-livingrom-full-bath/7908990793.html,"2026-02-02 03:22:35","2026-02-03 05:03:26.350345",0,,,,,
craigslist_7908965158,craigslist,"New York","Basement Level Loft 1BR$3,800Williamsburg Brooklyn",3800.0,https://newyork.craigslist.org/brk/apa/d/new-york-basement-level-loft-1br/7908965158.html,"2026-02-02 03:22:35","2026-02-03 05:03:26.350349",0,,,,,
craigslist_7908942876,craigslist,"New York","Live Inside a New York Movie- Iconic Williamsburg Views- 1Bedroom$3,500Williamsburg",3500.0,https://newyork.craigslist.org/brk/apa/d/brooklyn-live-inside-new-york-movie/7908942876.html,"2026-02-02 03:22:35","2026-02-02 03:58:49.190939",0,,,,,
craigslist_7908680113,craigslist,"New York","No Broker?s Fee + Free Rent! Oceanfront Luxury Living in Coney Island$3,079Gravesend",3079.0,https://newyork.craigslist.org/brk/apa/d/brooklyn-no-brokers-fee-free-rent/7908680113.html,"2026-02-02 03:22:35","2026-02-02 03:58:49.190943",0,,,,,
craigslist_7908666676,craigslist,"New York","Renovated all new 2 bedroom includes cooking gas dog ok$2,990Bay Ridge",2990.0,https://newyork.craigslist.org/brk/apa/d/brooklyn-renovated-all-new-bedroom/7908666676.html,"2026-02-02 03:22:35","2026-02-02 03:58:49.190953",0,,,,,
streeteasy_707s?featured=1,streeteasy,"New York","StreetEasy Listing",0.0,https://streeteasy.com/building/miramar-at-405-west-206th-street/707s?featured=1,"2026-02-02 03:43:18","2026-02-02 03:43:18",0,,,,,
streeteasy_601?featured=1,streeteasy,"New York","StreetEasy Listing",0.0,https://streeteasy.com/building/162_20-89-avenue-jamaica/601?featured=1,"2026-02-02 03:43:18","2026-02-02 03:43:18",0,,,,,
streeteasy_e614,streeteasy,"New York","StreetEasy Listing",0.0,https://streeteasy.com/building/414-gerard-avenue-bronx/e614,"2026-02-02 03:43:18","2026-02-02 03:43:18",0,,,,,
streeteasy_51028,streeteasy,"New York","StreetEasy Listing",0.0,https://streeteasy.com/building/one38-138-bruckner-boulevard-bronx/51028,"2026-02-02 03:43:18","2026-02-02 03:43:18",0,,,,,
streeteasy_628?infeed=1,streeteasy,"New York","StreetEasy Listing",0.0,https://streeteasy.com/building/499-president/628?infeed=1,"2026-02-02 03:43:18","2026-02-02 03:55:26.738917",0,,,,,
streeteasy_602,streeteasy,"New York","StreetEasy Listing",0.0,https://streeteasy.com/building/miramar-at-405-west-206th-street/602,"2026-02-02 03:43:18","2026-02-02 03:43:18",0,,,,,
streeteasy_708,streeteasy,"New York","StreetEasy Listing",0.0,https://streeteasy.com/building/540-atlantic/708,"2026-02-02 03:43:18","2026-02-02 03:43:18",0,,,,,
streeteasy_811,streeteasy,"New York","StreetEasy Listing",0.0,https://streeteasy.com/building/miramar-at-405-west-206th-street/811,"2026-02-02 03:43:18","2026-02-02 03:43:18",0,,,,,
streeteasy_203,streeteasy,"New York","StreetEasy Listing",0.0,https://streeteasy.com/building/161-lenox/203,"2026-02-02 03:43:18","2026-02-02 03:43:18",0,,,,,
streeteasy_201,streeteasy,"New York","StreetEasy Listing",0.0,https://streeteasy.com/building/161-lenox/201,"2026-02-02 03:43:18","2026-02-02 03:43:18",0,,,,,
streeteasy_4g,streeteasy,"New York","StreetEasy Listing",0.0,https://streeteasy.com/building/sunrose-tower/4g,"2026-02-02 03:43:18","2026-02-02 03:43:18",0,,,,,
streeteasy_ph9,streeteasy,"New York","StreetEasy Listing",0.0,https://streeteasy.com/building/10-halletts-point/ph9,"2026-02-02 03:43:18","2026-02-02 03:43:18",0,,,,,
streeteasy_11u,streeteasy,"New York","StreetEasy Listing",0.0,https://streeteasy.com/building/the-baltic-canal/11u,"2026-02-02 03:43:18","2026-02-02 03:43:18",0,,,,,
streeteasy_1906,streeteasy,"New York","StreetEasy Listing",0.0,https://streeteasy.com/building/forty-six-fifty/1906,"2026-02-02 03:43:18","2026-02-02 03:43:18",0,,,,,
renthop_975,renthop,"New York","RentHop Listing",0.0,https://www.renthop.com/listings/975-nostrand-ave/75949037,"2026-02-02 03:43:18","2026-02-02 03:58:49.190961",0,,,,,
renthop_17,renthop,"New York","RentHop Listing",0.0,https://www.renthop.com/listings/east-34th-street/17a/66711974,"2026-02-02 03:43:18","2026-02-02 03:58:49.190965",0,,,,,
renthop_424,renthop,"New York","RentHop Listing",0.0,https://www.renthop.com/listings/w-53st/424/70350262,"2026-02-02 03:43:18","2026-02-02 03:58:49.190957",0,,,,,
renthop_709,renthop,"New York","RentHop Listing",0.0,https://www.renthop.com/listings/west-57th-street/709/75352037,"2026-02-02 03:43:18","2026-02-02 03:58:49.190968",0,,,,,
renthop_41,renthop,"New York","RentHop Listing",0.0,https://www.renthop.com/listings/41-18-crescent-street/75968286,"2026-02-02 03:43:18","2026-02-02 03:58:49.190972",0,,,,,
renthop_7,renthop,"New York","RentHop Listing",0.0,https://www.renthop.com/listings/northern-boulevard/7a/75626307,"2026-02-02 03:43:18","2026-02-02 03:58:49.191066",0,,,,,
renthop_2,renthop,"New York","RentHop Listing",0.0,https://www.renthop.com/listings/hancock-street/2/75819451,"2026-02-02 03:43:18","2026-02-02 03:58:49.191028",0,,,,,
renthop_390,renthop,"New York","RentHop Listing",0.0,https://www.renthop.com/listings/390-lorimer-st/75695810,"2026-02-02 03:43:18","2026-02-02 03:58:49.191039",0,,,,,
renthop_75893084,renthop,"New York","RentHop Listing",0.0,https://www.renthop.com/listings/east-69th-street/gf/75893084,"2026-02-02 03:43:18","2026-02-02 03:58:49.191044",0,,,,,
renthop_83,renthop,"New York","RentHop Listing",0.0,https://www.renthop.com/listings/83-beadel-street/3b/75970611,"2026-02-02 03:43:18","2026-02-02 03:58:49.191061",0,,,,,
renthop_75961609,renthop,"New York","RentHop Listing",0.0,https://www.renthop.com/listings/rector-st/75961609,"2026-02-02 03:43:18","2026-02-02 03:58:49.191049",0,,,,,
renthop_913,renthop,"New York","RentHop Listing",0.0,https://www.renthop.com/listings/malt-dr/913/73582374,"2026-02-02 03:43:18","2026-02-02 03:58:49.191057",0,,,,,
renthop_402,renthop,"New York","RentHop Listing",0.0,https://www.renthop.com/listings/eastern-parkway-x-bedford-ave/402/74123251,"2026-02-02 03:43:18","2026-02-02 03:43:18",0,,,,,
renthop_925,renthop,"New York","RentHop Listing",0.0,https://www.renthop.com/listings/dean-street/925/75851669,"2026-02-02 03:43:18","2026-02-02 03:43:18",0,,,,,
streeteasy_11b?featured=1,streeteasy,"New York","StreetEasy Listing",0.0,https://streeteasy.com/building/the-motto/11b?featured=1,"2026-02-02 03:55:26","2026-02-02 03:55:26",0,,,,,
streeteasy_2?featured=1,streeteasy,"New York","StreetEasy Listing",0.0,https://streeteasy.com/building/39_07-56-street-woodside/2?featured=1,"2026-02-02 03:55:26","2026-02-02 03:55:26",0,,,,,
streeteasy_2226,streeteasy,"New York","StreetEasy Listing",0.0,https://streeteasy.com/building/1515-surf/2226,"2026-02-02 03:55:26","2026-02-02 03:55:26",0,,,,,
streeteasy_5d,streeteasy,"New York","StreetEasy Listing",0.0,https://streeteasy.com/building/sunrose-tower/5d,"2026-02-02 03:55:26","2026-02-02 03:55:26",0,,,,,
streeteasy_4235,streeteasy,"New York","StreetEasy Listing",0.0,https://streeteasy.com/building/one38-138-bruckner-boulevard-bronx/4235,"2026-02-02 03:55:26","2026-02-02 03:55:26",0,,,,,
streeteasy_727,streeteasy,"New York","StreetEasy Listing",0.0,https://streeteasy.com/building/1515-surf/727,"2026-02-02 03:55:26","2026-02-02 03:55:26",0,,,,,
streeteasy_e505,streeteasy,"New York","StreetEasy Listing",0.0,https://streeteasy.com/building/414-gerard-avenue-bronx/e505,"2026-02-02 03:55:26","2026-02-02 03:55:26",0,,,,,
streeteasy_5f,streeteasy,"New York","StreetEasy Listing",0.0,https://streeteasy.com/building/962-bushwick-avenue-brooklyn/5f,"2026-02-02 03:55:26","2026-02-02 03:55:26",0,,,,,
streeteasy_w635,streeteasy,"New York","StreetEasy Listing",0.0,https://streeteasy.com/building/445-gerard-avenue-bronx/w635,"2026-02-02 03:55:26","2026-02-02 03:55:26",0,,,,,
streeteasy_4bb,streeteasy,"New York","StreetEasy Listing",0.0,https://streeteasy.com/building/longview-brooklyn/4bb,"2026-02-02 03:55:26","2026-02-02 03:55:26",0,,,,,
streeteasy_564,streeteasy,"New York","StreetEasy Listing",0.0,https://streeteasy.com/building/astor-on-third/564,"2026-02-02 03:55:26","2026-02-02 03:55:26",0,,,,,
streeteasy_306,streeteasy,"New York","StreetEasy Listing",0.0,https://streeteasy.com/building/1975-madison/306,"2026-02-02 03:55:26","2026-02-02 03:55:26",0,,,,,
streeteasy_606,streeteasy,"New York","StreetEasy Listing",0.0,https://streeteasy.com/building/society-brooklyn-at-sackett/606,"2026-02-02 03:55:26","2026-02-02 03:55:26",0,,,,,
renthop_14,renthop,"New York","RentHop Listing",0.0,https://www.renthop.com/listings/14th-st/1c/75933928,"2026-02-02 03:55:26","2026-02-02 03:58:49.190981",0,,,,,
renthop_10,renthop,"New York","RentHop Listing",0.0,https://www.renthop.com/listings/10th-ave-58/na/73040646,"2026-02-02 03:55:26","2026-02-02 03:58:49.191135",0,,,,,
renthop_75268130,renthop,"New York","RentHop Listing",0.0,https://www.renthop.com/listings/west-54th-street/75268130,"2026-02-02 03:55:26","2026-02-02 03:55:26",0,,,,,
renthop_4,renthop,"New York","RentHop Listing",0.0,https://www.renthop.com/listings/east-25th-street/4-f/75805851,"2026-02-02 03:57:08","2026-02-02 03:57:08",0,,,,,
renthop_34,renthop,"New York","RentHop Listing",0.0,https://www.renthop.com/listings/34th-street-and-2nd-ave/17a/74858889,"2026-02-02 03:57:08","2026-02-02 03:57:08",0,,,,,
findproperties_3897,findproperties,Dubai,"Full Sea View / High Floor / Best Layout",,https://findproperties.ae/property/3897/full-sea-view---high-floor---best-layout,"2026-02-02 03:57:14","2026-02-03 05:03:46.991384",0,,,,,
findproperties_3894,findproperties,Dubai,"ŸÖÿØŸäŸÜÿ© ÿÆŸÑŸäŸÅŸá ÿ®ŸÜ ÿ≤ÿßŸäÿØ",,"https://findproperties.ae/property/3894/ŸÖÿØŸäŸÜÿ©-ÿÆŸÑŸäŸÅŸá-ÿ®ŸÜ-ÿ≤ÿßŸäÿØ","2026-02-02 03:57:14","2026-02-03 05:03:46.991711",0,,,,,
findproperties_613,findproperties,Dubai,"Apartment for rent in (Emirate of Dubai) in Sky Courts Towers.",,https://findproperties.ae/property/613/apartment-for-rent-in-(emirate-of-dubai)-in-sky-co,"2026-02-02 03:57:14","2026-02-03 05:03:46.991724",0,,,,,
findproperties_2725,findproperties,Dubai,"Spacious Master Room for Rent in Al Barsha, Dubai ‚Äì AED 4,500 with Private Bathroom and Balcony",,"https://findproperties.ae/property/2725/spacious-master-room-for-rent-in-al-barsha,-dubai-","2026-02-02 03:57:14","2026-02-03 05:03:46.991732",0,,,,,
findproperties_1959,findproperties,Dubai,"SPACIOUS 1BEDROOM 1 PERCENT PAYMENT PLAN",,https://findproperties.ae/property/1959/spacious-1bedroom-1-percent-payment-plan,"2026-02-02 03:57:14","2026-02-03 05:03:46.991739",0,,,,,
findproperties_1791,findproperties,Dubai,"Studio Apartment with City view",,https://findproperties.ae/property/1791/studio-apartment-with-city-view,"2026-02-02 03:57:14","2026-02-03 05:03:46.991746",0,,,,,
findproperties_1775,findproperties,Dubai,"Exclusive Apartment for sale",,https://findproperties.ae/property/1775/exclusive-apartment-for-sale,"2026-02-02 03:57:14","2026-02-03 05:03:46.991753",0,,,,,
findproperties_1776,findproperties,Dubai,"‚ú®Dubai's first Fashion TV Branded Residences‚ú®",,"https://findproperties.ae/property/1776/‚ú®dubai's-first-fashion-tv-branded-residences‚ú®","2026-02-02 03:57:14","2026-02-03 05:03:46.991759",0,,,,,
findproperties_1786,findproperties,Dubai,"New Launch Verdana Residence 2",,https://findproperties.ae/property/1786/new-launch-verdana-residence-2,"2026-02-02 03:57:14","2026-02-03 05:03:46.991766",0,,,,,
findproperties_1767,findproperties,Dubai,"All Bills Inclusive Master bedroom for rent",,https://findproperties.ae/property/1767/all-bills-inclusive-master-bedroom-for-rent,"2026-02-02 03:57:14","2026-02-03 05:03:46.991773",0,,,,,
findproperties_1771,findproperties,Dubai,"Beautiful Sea View | Chiller Free | Spacious Apartment",,https://findproperties.ae/property/1771/beautiful-sea-view-|-chiller-free-|-spacious-apart,"2026-02-02 03:57:14","2026-02-03 05:03:46.991789",0,,,,,
findproperties_1739,findproperties,Dubai,"Furnished apartment for rent, without commission, not including D",,"https://findproperties.ae/property/1739/furnished-apartment-for-rent,-without-commission,-","2026-02-02 03:57:14","2026-02-03 05:03:46.991796",0,,,,,
findproperties_1731,findproperties,Dubai,"The Flagship One 2BHK  Rent 100000",,https://findproperties.ae/property/1731/the-flagship-one-2bhk--rent-100000,"2026-02-02 03:57:14","2026-02-03 05:03:46.991803",0,,,,,
findproperties_1721,findproperties,Dubai,"Behind zulaikha hospital danat alnahda building",,https://findproperties.ae/property/1721/behind-zulaikha-hospital-danat-alnahda-building,"2026-02-02 03:57:14","2026-02-03 05:03:46.991812",0,,,,,
findproperties_1703,findproperties,Dubai,"FRONT OF METRO 2bhk with MAIDROOM balcony all facilities",,https://findproperties.ae/property/1703/front-of-metro-2bhk-with-maidroom-balcony-all-faci,"2026-02-02 03:57:14","2026-02-03 05:03:46.991836",0,,,,,
findproperties_1704,findproperties,Dubai,"FRONT OF METRO 2BHK  MAIDROOM KITCHEN WITH APPLIANCES GASS FREE",,https://findproperties.ae/property/1704/front-of-metro-2bhk--maidroom-kitchen-with-applian,"2026-02-02 03:57:14","2026-02-03 05:03:46.991843",0,,,,,
findproperties_1700,findproperties,Dubai,"The Flagship Two 2BHK 3BHK Rent 130000 to 180000",,https://findproperties.ae/property/1700/the-flagship-two-2bhk-3bhk-rent-130000-to-180000,"2026-02-02 03:57:14","2026-02-03 05:03:46.991849",0,,,,,
findproperties_1699,findproperties,Dubai,"Studio Apartment at Mag Eye Unit 516",,https://findproperties.ae/property/1699/studio-apartment-at-mag-eye-unit-516,"2026-02-02 03:57:14","2026-02-03 05:03:46.991856",0,,,,,
findproperties_1693,findproperties,Dubai,"Amazing Apartment for rent in Business Bay, Dubai",,"https://findproperties.ae/property/1693/amazing-apartment-for-rent-in-business-bay,-dubai","2026-02-02 03:57:14","2026-02-03 05:03:46.991862",0,,,,,
findproperties_1682,findproperties,Dubai,"Emad Hussein Aly Abdelnaby",,https://findproperties.ae/property/1682/emad-hussein-aly-abdelnaby,"2026-02-02 03:57:14","2026-02-03 05:03:46.991869",0,,,,,
findproperties_1680,findproperties,Dubai,"1 BHK apartments, for family / Executive Bachelor",,"https://findproperties.ae/property/1680/1-bhk-apartments,-for-family---executive-bachelor","2026-02-02 03:57:14","2026-02-03 05:03:46.991876",0,,,,,
findproperties_1360,findproperties,Dubai,"HOT DEAL 30-70 Payment Lagoon Access Chiller Free for Life",,https://findproperties.ae/property/1360/hot-deal-30-70-payment-lagoon-access-chiller-free-,"2026-02-02 03:57:14","2026-02-03 05:03:46.991882",0,,,,,
findproperties_1624,findproperties,Dubai,1bhk,,https://findproperties.ae/property/1624/1bhk,"2026-02-02 03:57:14","2026-02-03 05:03:46.991888",0,,,,,
findproperties_1672,findproperties,Dubai,"barsha 1 2 bhk apartment",,https://findproperties.ae/property/1672/barsha-1-2-bhk-apartment,"2026-02-02 03:57:14","2026-02-03 05:03:46.991894",0,,,,,
findproperties_1597,findproperties,Dubai,"Luxury Furnished Studio for Rent",,https://findproperties.ae/property/1597/luxury-furnished-studio-for-rent,"2026-02-02 03:57:14","2026-02-03 05:03:46.991900",0,,,,,
renthop_9,renthop,"New York","RentHop Listing",0.0,https://www.renthop.com/listings/9th-ave-51/na/73722965,"2026-02-02 03:58:49","2026-02-02 03:58:49",0,,,,,
craigslist_7912627452,craigslist,"New York","- like new 1 or 2BR Apartment,11‚Äô Ceilings, Central Air$3,990East Village",3990.0,https://newyork.craigslist.org/mnh/apa/d/new-york-like-new-or-2br-apartment11/7912627452.html,"2026-02-03 05:03:26","2026-02-03 05:03:26",0,,,,,
craigslist_7912592873,craigslist,"New York","MODEREN 2BR APARTMENT(EAST FLATBUSH)$2,500BROOKLYN",2500.0,https://newyork.craigslist.org/brk/apa/d/brooklyn-moderen-2br-apartmenteast/7912592873.html,"2026-02-03 05:03:26","2026-02-03 05:03:26",0,,,,,
craigslist_7912587833,craigslist,"New York","2 bedrooms 1 bath fully renovated all utilities included$2,600brooklyn",2600.0,https://newyork.craigslist.org/brk/apa/d/brooklyn-bedrooms-bath-fully-renovated/7912587833.html,"2026-02-03 05:03:26","2026-02-03 05:03:26",0,,,,,
craigslist_7912521083,craigslist,"New York","‚òÄÔ∏èSunny, üõÅclean, large 2‚ÄëBed on 1st floorüå≥, near TransportationüöÜ$2,500Bay Ridge",2500.0,https://newyork.craigslist.org/brk/apa/d/brooklyn-sunny-clean-large-2bed-on-1st/7912521083.html,"2026-02-03 05:03:26","2026-02-03 05:03:26",0,,,,,
craigslist_7912289576,craigslist,"Los Angeles","HUGE 1 Bedroom + 1.5 BATHS + WASHER/DRYER +DEN + FIREPLACE Brentwood!$3,650Brentwood",3650.0,https://losangeles.craigslist.org/wst/apa/d/los-angeles-huge-bedroom-15-baths/7912289576.html,"2026-02-03 05:05:04","2026-02-03 05:05:04",0,,,,,
craigslist_7907106103,craigslist,"Los Angeles","üêæ Pet-Friendly 2 BEDROOM/2 BATHROOM - Perfect Torrance Retreat üèñÔ∏è$3,85025935 Rolling Hills Rd, Torrance, CA",3850.0,https://losangeles.craigslist.org/wst/apa/d/lomita-pet-friendly-bedroom-bathroom/7907106103.html,"2026-02-03 05:05:04","2026-02-03 05:05:04",0,,,,,
craigslist_7910647970,craigslist,"Los Angeles","Gas Range, Wi-Fi Lounge, Ceiling Fan$2,6703767 Clarington Ave, Los Angeles, CA",2670.0,https://losangeles.craigslist.org/wst/apa/d/culver-city-gas-range-wi-fi-lounge/7910647970.html,"2026-02-03 05:05:04","2026-02-03 05:05:04",0,,,,,
craigslist_7910554611,craigslist,"Los Angeles","Check out this deal! Amazing 2 Bed 2 Bath in Hollywood$2,728Hollywood",2728.0,https://losangeles.craigslist.org/wst/apa/d/los-angeles-check-out-this-deal-amazing/7910554611.html,"2026-02-03 05:05:04","2026-02-03 05:05:04",0,,,,,
craigslist_7911875429,craigslist,"Los Angeles","Now showing! Gorgeous 707 Sq Ft 1 bed, 1 bath! Wonderful deal!$2,636Los Angeles",2636.0,https://losangeles.craigslist.org/wst/apa/d/culver-city-now-showing-gorgeous-707-sq/7911875429.html,"2026-02-03 05:05:04","2026-02-03 05:05:04",0,,,,,
craigslist_7908847291,craigslist,"Los Angeles","Where Memories Begin: Secure Your Space Now!$3,218Los Angeles",3218.0,https://losangeles.craigslist.org/wst/apa/d/los-angeles-where-memories-begin-secure/7908847291.html,"2026-02-03 05:05:04","2026-02-03 05:05:04",0,,,,,
craigslist_7912697801,craigslist,"Los Angeles","1 Bedroom 1 BA in Culver City * Virtual Tour * Garage * Call Now!$2,745West Los Angeles / Century City",2745.0,https://losangeles.craigslist.org/wst/apa/d/los-angeles-bedroom-ba-in-culver-city/7912697801.html,"2026-02-03 05:05:04","2026-02-03 05:05:04",0,,,,,
craigslist_7912700856,craigslist,"Los Angeles","Unbeatable  Living-Renovated Interiors & Poolside Relaxation$2,875westside-southbay-310",2875.0,https://losangeles.craigslist.org/wst/apa/d/los-angeles-unbeatable-living-renovated/7912700856.html,"2026-02-03 05:05:04","2026-02-03 05:05:04",0,,,,,
craigslist_7910430052,craigslist,"Los Angeles","2x2- Spacious, beautiful, area- 1month off!$2,950Westwood Village",2950.0,https://losangeles.craigslist.org/wst/apa/d/los-angeles-2x2-spacious-beautiful-area/7910430052.html,"2026-02-03 05:05:04","2026-02-03 05:05:04",0,,,,,
craigslist_7912697674,craigslist,"Los Angeles","Gorgeous large 2 bed 2 bath, perfect for roommates--split the rent!$2,650Los Angeles",2650.0,https://losangeles.craigslist.org/wst/apa/d/los-angeles-gorgeous-large-bed-bath/7912697674.html,"2026-02-03 05:05:04","2026-02-03 05:05:04",0,,,,,
craigslist_7911911878,craigslist,"Los Angeles","*^*Trousdale Luxury Apts.*^*  2 Beds/ 2 Baths$3,295West Los Angeles",3295.0,https://losangeles.craigslist.org/wst/apa/d/los-angeles-trousdale-luxury-apts-beds/7911911878.html,"2026-02-03 05:05:04","2026-02-03 05:05:04",0,,,,,
craigslist_7909897287,craigslist,"Los Angeles","üåû Open House daily - 1 BEDR/1 BATH with Washer/Dryer in Torrance üè°$3,17525935 Rolling Hills Rd, Torrance, CA",3175.0,https://losangeles.craigslist.org/wst/apa/d/lomita-open-house-daily-bedr-bath-with/7909897287.html,"2026-02-03 05:05:04","2026-02-03 05:05:04",0,,,,,
craigslist_7908420400,craigslist,"Los Angeles","Quartz Counters ^1 MONTH FREE ^ 2 Bedroom Near Culver City$2,695Near Culver City",2695.0,https://losangeles.craigslist.org/wst/apa/d/los-angeles-quartz-counters-month-free/7908420400.html,"2026-02-03 05:05:04","2026-02-03 05:05:04",0,,,,,
craigslist_7907144279,craigslist,"Los Angeles","Remodeled 1+1 in Westchester/Nearby Culver City, One Month Free!$2,700Westchester/LAX",2700.0,https://losangeles.craigslist.org/wst/apa/d/los-angeles-remodeled-11-in-westchester/7907144279.html,"2026-02-03 05:05:04","2026-02-03 05:05:04",0,,,,,
craigslist_7912692224,craigslist,"Los Angeles","1920s Bungalow w/DW + W/D - King-Size Rooms, Clawfoot Tub / Utility Rm$3,800Los Angeles",3800.0,https://losangeles.craigslist.org/wst/apa/d/los-angeles-1920s-bungalow-dw-d-king/7912692224.html,"2026-02-03 05:05:04","2026-02-03 05:05:04",0,,,,,
craigslist_7911570184,craigslist,"Los Angeles","Affordable convenience at The Magnolia! Washer & Dryer in unit$2,800Long Beach",2800.0,https://losangeles.craigslist.org/wst/apa/d/long-beach-affordable-convenience-at/7911570184.html,"2026-02-03 05:05:04","2026-02-03 05:05:04",0,,,,,
craigslist_7912697849,craigslist,"Los Angeles","üê∂ Renovated 1 Bedroom in Westwood - SS Appliances - Specials üê±$3,095Westwood Village",3095.0,https://losangeles.craigslist.org/wst/apa/d/los-angeles-renovated-bedroom-in/7912697849.html,"2026-02-03 05:05:04","2026-02-03 05:05:04",0,,,,,
craigslist_7912697549,craigslist,"Los Angeles","1 Bedroom 1 BA in Westwood - Stainless Steel Appliances - Fireplace$2,795Westwood / West Los Angeles ADJ",2795.0,https://losangeles.craigslist.org/wst/apa/d/los-angeles-bedroom-ba-in-westwood/7912697549.html,"2026-02-03 05:05:04","2026-02-03 05:05:04",0,,,,,
craigslist_7912282740,craigslist,"Los Angeles","24-Hour Fitness Center, Picturesque Views$3,088Culver City",3088.0,https://losangeles.craigslist.org/wst/apa/d/culver-city-24-hour-fitness-center/7912282740.html,"2026-02-03 05:05:04","2026-02-03 05:05:04",0,,,,,
craigslist_7912695498,craigslist,"Los Angeles","Inviting 2 BR Townhome-Resort-Style Pools & Fitness Center$2,999Wilmington Ca",2999.0,https://losangeles.craigslist.org/wst/apa/d/long-beach-inviting-br-townhome-resort/7912695498.html,"2026-02-03 05:05:04","2026-02-03 05:05:04",0,,,,,
craigslist_7912695009,craigslist,"Los Angeles","Located in Top Rated School District, Spacious And Bright Living Rooms$3,150Redondo Beach",3150.0,https://losangeles.craigslist.org/wst/apa/d/redondo-beach-located-in-top-rated/7912695009.html,"2026-02-03 05:05:04","2026-02-03 05:05:04",0,,,,,
craigslist_7908633631,craigslist,"Los Angeles","Very spacious 1st floor unit with balcony and 2 car parking space$2,650los angeles",2650.0,https://losangeles.craigslist.org/wst/apa/d/los-angeles-very-spacious-1st-floor/7908633631.html,"2026-02-03 05:05:04","2026-02-03 05:05:04",0,,,,,
craigslist_7908633847,craigslist,"Los Angeles","Gorgeous spacious  upgraded LARGE walk-in closet, 2-car parking space$2,675Los Angeles",2675.0,https://losangeles.craigslist.org/wst/apa/d/los-angeles-gorgeous-spacious-upgraded/7908633847.html,"2026-02-03 05:05:04","2026-02-03 05:05:04",0,,,,,
craigslist_7912687998,craigslist,"Los Angeles","6 Weeks Free!* Mar Vista 2 Bedroom 2 BA* Quartz Counters* Pet-Friendly$3,800Mar Vista / Culver City Adjacent",3800.0,https://losangeles.craigslist.org/wst/apa/d/los-angeles-weeks-free-mar-vista/7912687998.html,"2026-02-03 05:05:04","2026-02-03 05:05:04",0,,,,,
craigslist_7912692078,craigslist,"Los Angeles","Recently Renovated 2 Bedroom in Palms * Air Conditioning * SPECIALS!$2,995West LA ADJ",2995.0,https://losangeles.craigslist.org/wst/apa/d/culver-city-recently-renovated-bedroom/7912692078.html,"2026-02-03 05:05:04","2026-02-03 05:05:04",0,,,,,
craigslist_7912691854,craigslist,"Los Angeles","Stainless Appliances, Spectacular Views, Great Location$2,681westside-southbay-310",2681.0,https://losangeles.craigslist.org/wst/apa/d/los-angeles-stainless-appliances/7912691854.html,"2026-02-03 05:05:04","2026-02-03 05:05:04",0,,,,,
craigslist_7912691831,craigslist,"Los Angeles","EV Chargers, Open Concept, Pets Welcome, New Upgrades$3,575Westwood Village",3575.0,https://losangeles.craigslist.org/wst/apa/d/los-angeles-ev-chargers-open-concept/7912691831.html,"2026-02-03 05:05:04","2026-02-03 05:05:04",0,,,,,
craigslist_7912691581,craigslist,"Los Angeles","Experience Better Living, First Month Free$3,425Hawthorne",3425.0,https://losangeles.craigslist.org/wst/apa/d/inglewood-experience-better-living/7912691581.html,"2026-02-03 05:05:04","2026-02-03 05:05:04",0,,,,,
craigslist_7912691456,craigslist,"Los Angeles","Stainless Steel Appliances*, In-Unit Washer and Dryer$3,525Wilshire",3525.0,https://losangeles.craigslist.org/wst/apa/d/los-angeles-stainless-steel-appliances/7912691456.html,"2026-02-03 05:05:04","2026-02-03 05:05:04",0,,,,,
craigslist_7912691387,craigslist,"Los Angeles","We are Pet Friendly- Cats & Dogs we ‚ù§Ô∏èthem all!  No Monthly Fees$2,781Redondo Beach",2781.0,https://losangeles.craigslist.org/wst/apa/d/redondo-beach-we-are-pet-friendly-cats/7912691387.html,"2026-02-03 05:05:04","2026-02-03 05:05:04",0,,,,,
craigslist_7911235239,craigslist,"Los Angeles","Southwest El Segundo End Unit Apartment - 2 BD/1 BA$2,950El Segundo",2950.0,https://losangeles.craigslist.org/wst/apa/d/el-segundo-southwest-el-segundo-end/7911235239.html,"2026-02-03 05:05:04","2026-02-03 05:05:04",0,,,,,
craigslist_7912691295,craigslist,"Los Angeles","Assigned Garage Parking and EV Charging, Spacious Kitchens$2,663Westchester",2663.0,https://losangeles.craigslist.org/wst/apa/d/los-angeles-assigned-garage-parking-and/7912691295.html,"2026-02-03 05:05:04","2026-02-03 05:05:04",0,,,,,
craigslist_7912690997,craigslist,"Los Angeles","Upgraded Oversized Soaking tub/Shower, Private Patios/ balconies$3,200westside-southbay-310",3200.0,https://losangeles.craigslist.org/wst/apa/d/carson-upgraded-oversized-soaking-tub/7912690997.html,"2026-02-03 05:05:04","2026-02-03 05:05:04",0,,,,,
craigslist_7912688044,craigslist,"Los Angeles","1 Bedroom 1 Bath Close to UCLA * EV Charging Stations * Must See!$3,895Close to UCLA",3895.0,https://losangeles.craigslist.org/wst/apa/d/los-angeles-bedroom-bath-close-to-ucla/7912688044.html,"2026-02-03 05:05:04","2026-02-03 05:05:04",0,,,,,
craigslist_7912687101,craigslist,"Los Angeles","Remodeled 1 Bedroom 1 BA in West Los Angeles ^ Virtual Tour ^ Balcony$2,745West Los Angeles / Century City",2745.0,https://losangeles.craigslist.org/wst/apa/d/los-angeles-remodeled-bedroom-ba-in/7912687101.html,"2026-02-03 05:05:04","2026-02-03 05:05:04",0,,,,,
craigslist_7912690281,craigslist,"Los Angeles","Quartz Countertop, Close to Torrance Civic Center, Fitness Center$2,945Torrance",2945.0,https://losangeles.craigslist.org/wst/apa/d/torrance-quartz-countertop-close-to/7912690281.html,"2026-02-03 05:05:04","2026-02-03 05:05:04",0,,,,,
craigslist_7912689718,craigslist,"Los Angeles","Keyless entry*, Five 24-hour onsite laundry facilities, Ceiling fans$2,939Westchester",2939.0,https://losangeles.craigslist.org/wst/apa/d/los-angeles-keyless-entry-five-24-hour/7912689718.html,"2026-02-03 05:05:04","2026-02-03 05:05:04",0,,,,,
craigslist_7912689154,craigslist,"Los Angeles","Exclusive Westlake Living-, Co-Working Space & Lounge Access$3,300Koreatown",3300.0,https://losangeles.craigslist.org/wst/apa/d/los-angeles-exclusive-westlake-living/7912689154.html,"2026-02-03 05:05:04","2026-02-03 05:05:04",0,,,,,
craigslist_7912688861,craigslist,"Los Angeles","24-Hour Emergency Maintenance, Package Receiving, Vertical Blinds$3,195Redondo Beach",3195.0,https://losangeles.craigslist.org/wst/apa/d/redondo-beach-24-hour-emergency/7912688861.html,"2026-02-03 05:05:04","2026-02-03 05:05:04",0,,,,,
craigslist_7912688452,craigslist,"Los Angeles","Now Leasing - Schedule a tour today!!  Make Seaside Villa UR new Home$2,781Redondo Beach",2781.0,https://losangeles.craigslist.org/wst/apa/d/redondo-beach-now-leasing-schedule-tour/7912688452.html,"2026-02-03 05:05:04","2026-02-03 05:05:04",0,,,,,
craigslist_7912688401,craigslist,"Los Angeles","1 Bedroom 1 Bath in West Los Angeles + Swimming Pool + Parking$2,995West Los Angeles",2995.0,https://losangeles.craigslist.org/wst/apa/d/los-angeles-bedroom-bath-in-west-los/7912688401.html,"2026-02-03 05:05:04","2026-02-03 05:05:04",0,,,,,
craigslist_7912285311,craigslist,"Los Angeles","Lavish lifestyle amenities! Stunning luxury community! 2 Bed, 2 Bath$2,783Hollywood",2783.0,https://losangeles.craigslist.org/wst/apa/d/los-angeles-lavish-lifestyle-amenities/7912285311.html,"2026-02-03 05:05:04","2026-02-03 05:05:04",0,,,,,
craigslist_7912688045,craigslist,"Los Angeles","Large gated 1 Bedroom + 1 Bath with patio, #102$2,550westside-southbay-310",2550.0,https://losangeles.craigslist.org/wst/apa/d/los-angeles-large-gated-bedroom-bath/7912688045.html,"2026-02-03 05:05:04","2026-02-03 05:05:04",0,,,,,
craigslist_7912683268,craigslist,"Los Angeles","1 Bedroom 1 BA  in Palms | Wall A/C and Heat | Furnished$2,595Palms / Cheviot Hills ADJ",2595.0,https://losangeles.craigslist.org/wst/apa/d/los-angeles-bedroom-ba-in-palms-wall-c/7912683268.html,"2026-02-03 05:05:04","2026-02-03 05:05:04",0,,,,,
craigslist_7912687391,craigslist,"Los Angeles","‚ùñ Renovated 1 Bedroom in Westchester + Fitness Room + One Month Free ‚ùñ$2,700Westchester/LAX",2700.0,https://losangeles.craigslist.org/wst/apa/d/los-angeles-renovated-bedroom-in/7912687391.html,"2026-02-03 05:05:04","2026-02-03 05:05:04",0,,,,,
craigslist_7912686999,craigslist,"Los Angeles","Fully Upgraded in Westwood, Brand New Gym, Heated Pool, Specials!$3,295Westwood Village",3295.0,https://losangeles.craigslist.org/wst/apa/d/los-angeles-fully-upgraded-in-westwood/7912686999.html,"2026-02-03 05:05:04","2026-02-03 05:05:04",0,,,,,
craigslist_7912687123,craigslist,"Los Angeles","Cozy 2 BR$3,600westside-southbay-310",3600.0,https://losangeles.craigslist.org/wst/apa/d/playa-vista-cozy-br/7912687123.html,"2026-02-03 05:05:04","2026-02-03 05:05:04",0,,,,,
craigslist_7910397004,craigslist,"Los Angeles","Remodeled kitchen 2/bd, hardwood floors-Open House 1.31.25$2,950Westwood Village",2950.0,https://losangeles.craigslist.org/wst/apa/d/los-angeles-remodeled-kitchen-bd/7910397004.html,"2026-02-03 05:05:04","2026-02-03 05:05:04",0,,,,,
craigslist_7912684528,craigslist,"Los Angeles","Charming 2 Bedroom 1 Bath in Mar Vista * Air Conditioning * SPECIALS$2,500Mar Vista / Marina Del Rey ADJ",2500.0,https://losangeles.craigslist.org/wst/apa/d/los-angeles-charming-bedroom-bath-in/7912684528.html,"2026-02-03 05:05:04","2026-02-03 05:05:04",0,,,,,
craigslist_7912683914,craigslist,"Los Angeles","Virtual Tour | SPECIALS | Remodeled 1 Bedroom 1 BA in West Los Angeles$2,695West Los Angeles",2695.0,https://losangeles.craigslist.org/wst/apa/d/los-angeles-virtual-tour-specials/7912683914.html,"2026-02-03 05:05:04","2026-02-03 05:05:04",0,,,,,
craigslist_7912708648,craigslist,"Los Angeles","RENTING BEAUTIFUL SPACIOUS 2BDRM HOUSE$2,800central LA 213/323",2800.0,https://losangeles.craigslist.org/lac/apa/d/south-gate-renting-beautiful-spacious/7912708648.html,"2026-02-03 05:05:04","2026-02-03 05:05:04",0,,,,,
craigslist_7907245202,craigslist,"Los Angeles","2-Bed/2-Bath w/ W/D Just Steps From the Design District$3,758West Hollywood",3758.0,https://losangeles.craigslist.org/lac/apa/d/west-hollywood-bed-bath-w-just-steps/7907245202.html,"2026-02-03 05:05:04","2026-02-03 05:05:04",0,,,,,
craigslist_7907592628,craigslist,"Los Angeles","2 Bed, Jetted Spa Jacuzzi, Located in Los Angeles$3,331600 S Curson St, Los Angeles, CA",3331.0,https://losangeles.craigslist.org/lac/apa/d/los-angeles-bed-jetted-spa-jacuzzi/7907592628.html,"2026-02-03 05:05:04","2026-02-03 05:05:04",0,,,,,
craigslist_7912712468,craigslist,"Los Angeles","Exclusive Tour on Davinci Apartments in DTLA$2,689909 W. Temple St., Los Angeles, CA",2689.0,https://losangeles.craigslist.org/lac/apa/d/los-angeles-exclusive-tour-on-davinci/7912712468.html,"2026-02-03 05:05:04","2026-02-03 05:05:04",0,,,,,
craigslist_7909938351,craigslist,"Los Angeles","BRIGHT AIRY OLD WORLD CHARM YET TOTALLY MODERN$3,595GROVE ADJACENT",3595.0,https://losangeles.craigslist.org/lac/apa/d/los-angeles-bright-airy-old-world-charm/7909938351.html,"2026-02-03 05:05:04","2026-02-03 05:05:04",0,,,,,
craigslist_7912304139,craigslist,"Los Angeles","Your New 2B/2.5B Home Awaits ‚Äì Schedule a Tour!$2,79918005 W. Anne's Circle, Canyon Country, CA",2799.0,https://losangeles.craigslist.org/lac/apa/d/canyon-country-your-new-2b-25b-home/7912304139.html,"2026-02-03 05:05:04","2026-02-03 05:05:04",0,,,,,
craigslist_7910659873,craigslist,"Los Angeles","2 On-Site Laundry Facilities, Wood-Inspired Flooring, Ceiling Fan$2,54913811 Shoemaker Ave, Norwalk, CA",2549.0,https://losangeles.craigslist.org/lac/apa/d/norwalk-on-site-laundry-facilities-wood/7910659873.html,"2026-02-03 05:05:04","2026-02-03 05:05:04",0,,,,,
craigslist_7912307062,craigslist,"Los Angeles","Dressing Vanities, Designer Floor Plans$2,8191026 S Broadway, Los Angeles, CA",2819.0,https://losangeles.craigslist.org/lac/apa/d/los-angeles-dressing-vanities-designer/7912307062.html,"2026-02-03 05:05:04","2026-02-03 05:05:04",0,,,,,
craigslist_7912709106,craigslist,"Los Angeles","Closet Organizers, Soothing Jacuzzi Spa, 2/BD$2,689909 W. Temple St., Los Angeles, CA",2689.0,https://losangeles.craigslist.org/lac/apa/d/los-angeles-closet-organizers-soothing/7912709106.html,"2026-02-03 05:05:04","2026-02-03 05:05:04",0,,,,,
craigslist_7912302091,craigslist,"Los Angeles","2BD 2BA, Dressing Vanities, Pantry$2,8191026 S Broadway, Los Angeles, CA",2819.0,https://losangeles.craigslist.org/lac/apa/d/los-angeles-2bd-2ba-dressing-vanities/7912302091.html,"2026-02-03 05:05:04","2026-02-03 05:05:04",0,,,,,
craigslist_7912705216,craigslist,"Los Angeles","2/bd, Soothing Jacuzzi Spa, Crown Moldings$2,689909 W. Temple St., Los Angeles, CA",2689.0,https://losangeles.craigslist.org/lac/apa/d/los-angeles-bd-soothing-jacuzzi-spa/7912705216.html,"2026-02-03 05:05:04","2026-02-03 05:05:04",0,,,,,
craigslist_7912701319,craigslist,"Los Angeles","Situated in Los Angeles!, 2/BD, Movie Theater$3,227central LA 213/323",3227.0,https://losangeles.craigslist.org/lac/apa/d/los-angeles-situated-in-los-angeles-bd/7912701319.html,"2026-02-03 05:05:04","2026-02-03 05:05:04",0,,,,,
craigslist_7912701208,craigslist,"Los Angeles","Indoor Regulation Pickleball Court, Library, 2bd 2ba$3,229central LA 213/323",3229.0,https://losangeles.craigslist.org/lac/apa/d/los-angeles-indoor-regulation/7912701208.html,"2026-02-03 05:05:04","2026-02-03 05:05:04",0,,,,,
craigslist_7908483986,craigslist,"Los Angeles","2-Bed/2-Bath w/ W/D Just Steps From the Sunset Strip$3,758West Hollywood",3758.0,https://losangeles.craigslist.org/lac/apa/d/west-hollywood-bed-bath-w-just-steps/7908483986.html,"2026-02-03 05:05:04","2026-02-03 05:05:04",0,,,,,
craigslist_7912701037,craigslist,"Los Angeles","2bd 2ba, Library, Indoor Regulation Pickleball Court$3,049central LA 213/323",3049.0,https://losangeles.craigslist.org/lac/apa/d/los-angeles-2bd-2ba-library-indoor/7912701037.html,"2026-02-03 05:05:04","2026-02-03 05:05:04",0,,,,,
craigslist_7912699278,craigslist,"Los Angeles","Large Conference Room, Library, Speakeasy Lounge$2,519central LA 213/323",2519.0,https://losangeles.craigslist.org/lac/apa/d/los-angeles-large-conference-room/7912699278.html,"2026-02-03 05:05:04","2026-02-03 05:05:04",0,,,,,
craigslist_7912698187,craigslist,"Los Angeles","2-Bed/2-Bath w/ W/D Just Steps From the Design District$3,640West Hollywood",3640.0,https://losangeles.craigslist.org/lac/apa/d/west-hollywood-bed-bath-w-just-steps/7912698187.html,"2026-02-03 05:05:04","2026-02-03 05:05:04",0,,,,,
craigslist_7912289472,craigslist,"Los Angeles","2B/2.5B Apartment with In-Unit W/D ‚Äì Tour Today!$2,79918005 W. Anne's Circle, Canyon Country, CA",2799.0,https://losangeles.craigslist.org/lac/apa/d/canyon-country-2b-25b-apartment-with-in/7912289472.html,"2026-02-03 05:05:04","2026-02-03 05:05:04",0,,,,,
craigslist_7912697785,craigslist,"Los Angeles","Welcome Home to Axis, 2 apartments Now Leasing!$3,662Los Angeles",3662.0,https://losangeles.craigslist.org/lac/apa/d/los-angeles-welcome-home-to-axis/7912697785.html,"2026-02-03 05:05:04","2026-02-03 05:05:04",0,,,,,
craigslist_7911450131,craigslist,"Los Angeles","All Apartments have A/C, Carpeting, Ceiling Fan$2,54913811 Shoemaker Ave, Norwalk, CA",2549.0,https://losangeles.craigslist.org/lac/apa/d/norwalk-all-apartments-have-c-carpeting/7911450131.html,"2026-02-03 05:05:04","2026-02-03 05:05:04",0,,,,,
craigslist_7912697099,craigslist,"Los Angeles","Tour on Your Own Terms - Chat. Virtual. Associate-Guided. Self-Guided.$2,628Los Angeles",2628.0,https://losangeles.craigslist.org/lac/apa/d/los-angeles-tour-on-your-own-terms-chat/7912697099.html,"2026-02-03 05:05:04","2026-02-03 05:05:04",0,,,,,
craigslist_7910679936,craigslist,"Los Angeles","4804 Oakwood | Contemporary Living | 5 Weeks Free$3,3504804 Oakwood Ave",3350.0,https://losangeles.craigslist.org/lac/apa/d/los-angeles-4804-oakwood-contemporary/7910679936.html,"2026-02-03 05:05:04","2026-02-03 05:05:04",0,,,,,
craigslist_7912696286,craigslist,"Los Angeles","Convenient Ground Floor Retail, Lush Courtyards$3,172Hollywood",3172.0,https://losangeles.craigslist.org/lac/apa/d/los-angeles-convenient-ground-floor/7912696286.html,"2026-02-03 05:05:04","2026-02-03 05:05:04",0,,,,,
craigslist_7912694996,craigslist,"Los Angeles","Kitchen, Views, Secured Private Parking$3,871Koreatown",3871.0,https://losangeles.craigslist.org/lac/apa/d/los-angeles-kitchen-views-secured/7912694996.html,"2026-02-03 05:05:04","2026-02-03 05:05:04",0,,,,,
craigslist_7911436421,craigslist,"Los Angeles","1/bd, Evening Courtesy Patrol, Fitness Center$2,646600 S Curson St, Los Angeles, CA",2646.0,https://losangeles.craigslist.org/lac/apa/d/los-angeles-bd-evening-courtesy-patrol/7911436421.html,"2026-02-03 05:05:04","2026-02-03 05:05:04",0,,,,,
craigslist_7912693537,craigslist,"Los Angeles","In Los Angeles, Pantry, 2/BD$2,689909 W. Temple St., Los Angeles, CA",2689.0,https://losangeles.craigslist.org/lac/apa/d/los-angeles-in-los-angeles-pantry-bd/7912693537.html,"2026-02-03 05:05:04","2026-02-03 05:05:04",0,,,,,
craigslist_7911649556,craigslist,"Los Angeles","2/BD 2/BA$3,299325 W. Adams Blvd., Los Angeles, CA",3299.0,https://losangeles.craigslist.org/lac/apa/d/los-angeles-bd-ba/7911649556.html,"2026-02-03 05:05:04","2026-02-03 05:05:04",0,,,,,
craigslist_7911682227,craigslist,"Los Angeles","Stadium Seating Movie Theater, in Los Angeles CA, 2 BD$3,299325 W. Adams Blvd., Los Angeles, CA",3299.0,https://losangeles.craigslist.org/lac/apa/d/los-angeles-stadium-seating-movie/7911682227.html,"2026-02-03 05:05:04","2026-02-03 05:05:04",0,,,,,
craigslist_7912691408,craigslist,"Los Angeles","Sophisticated 1 BR/1 BA - Controlled Access & In-Unit Laundr$2,643Glendale",2643.0,https://losangeles.craigslist.org/lac/apa/d/glendale-sophisticated-br-ba-controlled/7912691408.html,"2026-02-03 05:05:04","2026-02-03 05:05:04",0,,,,,
craigslist_7912690990,craigslist,"Los Angeles","Smart Features including Nest Thermostats, Incredible Location$3,480Hollywood, California",3480.0,https://losangeles.craigslist.org/lac/apa/d/los-angeles-smart-features-including/7912690990.html,"2026-02-03 05:05:04","2026-02-03 05:05:04",0,,,,,
craigslist_7912690684,craigslist,"Los Angeles","ELEVATE YOUR LIVING EXPERIENCE!! 2 BEDROOM UNITS AVAILABLE NOW!$3,450Los Feliz",3450.0,https://losangeles.craigslist.org/lac/apa/d/los-angeles-elevate-your-living/7912690684.html,"2026-02-03 05:05:04","2026-02-03 05:05:04",0,,,,,
craigslist_7912689801,craigslist,"Los Angeles","2-Bed/2-Bath w/ W/D in the Heart of the Creative City$3,640West Hollywood",3640.0,https://losangeles.craigslist.org/lac/apa/d/west-hollywood-bed-bath-w-in-the-heart/7912689801.html,"2026-02-03 05:05:04","2026-02-03 05:05:04",0,,,,,
craigslist_7912684128,craigslist,"Los Angeles","Cal Tech Pasadena 2B 2Ba w/parking$2,695Cordova",2695.0,https://losangeles.craigslist.org/lac/apa/d/pasadena-cal-tech-pasadena-2b-2ba/7912684128.html,"2026-02-03 05:05:04","2026-02-03 05:05:04",0,,,,,
craigslist_7912689521,craigslist,"Los Angeles","Cozy Fireplace | Specials | Remodeled 1 BED in Downtown Los Angeles$2,820Koreatown",2820.0,https://losangeles.craigslist.org/lac/apa/d/los-angeles-cozy-fireplace-specials/7912689521.html,"2026-02-03 05:05:04","2026-02-03 05:05:04",0,,,,,
craigslist_7912689430,craigslist,"Los Angeles","Stunning 2 BR/2 BA Home with Patio and Garage$3,660Koreatown",3660.0,https://losangeles.craigslist.org/lac/apa/d/los-angeles-stunning-br-ba-home-with/7912689430.html,"2026-02-03 05:05:04","2026-02-03 05:05:04",0,,,,,
craigslist_7912689309,craigslist,"Los Angeles","2 Bedroom in Loz Feliz w/ Hardwood Floors+ A/C+ High Ceilings$3,518Los Feliz/Silverlake/East Hollywood",3518.0,https://losangeles.craigslist.org/lac/apa/d/los-angeles-bedroom-in-loz-feliz/7912689309.html,"2026-02-03 05:05:04","2026-02-03 05:05:04",0,,,,,
craigslist_7912683385,craigslist,"Los Angeles","FREE RENT 1Month  Large Breathtaking 2bd 2ba in great location$2,695Cordova",2695.0,https://losangeles.craigslist.org/lac/apa/d/pasadena-free-rent-1month-large/7912683385.html,"2026-02-03 05:05:04","2026-02-03 05:05:04",0,,,,,
craigslist_7911443433,craigslist,"Los Angeles","Disability Access, Soaking Baths$2,6391026 S Broadway, Los Angeles, CA",2639.0,https://losangeles.craigslist.org/lac/apa/d/los-angeles-disability-access-soaking/7911443433.html,"2026-02-03 05:05:04","2026-02-03 05:05:04",0,,,,,
craigslist_7912688670,craigslist,"Los Angeles","Pet Friendly 2 Bedroom w/ Huge Kitchen, Large windows, W/D in unit$2,876central LA 213/323",2876.0,https://losangeles.craigslist.org/lac/apa/d/los-angeles-pet-friendly-bedroom-huge/7912688670.html,"2026-02-03 05:05:04","2026-02-03 05:05:04",0,,,,,
craigslist_7912683149,craigslist,"Los Angeles","1 mth free WEST LA - 2bd 2ba w/parking Great location$2,695Cordova",2695.0,https://losangeles.craigslist.org/lac/apa/d/pasadena-mth-free-west-la-2bd-2ba/7912683149.html,"2026-02-03 05:05:04","2026-02-03 05:05:04",0,,,,,
craigslist_7912688231,craigslist,"Los Angeles","in Los Angeles CA, Speakeasy Lounge, 1 BD$2,519Beaudry & Temple",2519.0,https://losangeles.craigslist.org/lac/apa/d/los-angeles-in-los-angeles-ca-speakeasy/7912688231.html,"2026-02-03 05:05:04","2026-02-03 05:05:04",0,,,,,
craigslist_7912688137,craigslist,"Los Angeles","Gracious 2BR Apartment in Los Angeles$3,515Los Angeles",3515.0,https://losangeles.craigslist.org/lac/apa/d/los-angeles-gracious-2br-apartment-in/7912688137.html,"2026-02-03 05:05:04","2026-02-03 05:05:04",0,,,,,
craigslist_7912683868,craigslist,"Los Angeles","Pasadena 1mth free RENT - 2bd 2ba w/parking Great location$2,695Cordova",2695.0,https://losangeles.craigslist.org/lac/apa/d/pasadena-pasadena-1mth-free-rent-2bd/7912683868.html,"2026-02-03 05:05:04","2026-02-03 05:05:04",0,,,,,
craigslist_7912687102,craigslist,"Los Angeles","Spacious 800 SF 1BR Condo w/ Huge Patio ‚Äì For Lease$2,960Los Angeles",2960.0,https://losangeles.craigslist.org/lac/apa/d/los-angeles-spacious-800-sf-1br-condo/7912687102.html,"2026-02-03 05:05:04","2026-02-03 05:05:04",0,,,,,
craigslist_7912680026,craigslist,"Los Angeles","2 BED Downtown Los Angeles-Great Views, Rooftop Terrace, Full-Size W/D$3,295South Park",3295.0,https://losangeles.craigslist.org/lac/apa/d/los-angeles-bed-downtown-los-angeles/7912680026.html,"2026-02-03 05:05:04","2026-02-03 05:05:04",0,,,,,
craigslist_7912687007,craigslist,"Los Angeles","VMX Rope Climber, Pantry, Crown Moldings$2,689909 W. Temple St., Los Angeles, CA",2689.0,https://losangeles.craigslist.org/lac/apa/d/los-angeles-vmx-rope-climber-pantry/7912687007.html,"2026-02-03 05:05:04","2026-02-03 05:05:04",0,,,,,
craigslist_7912686167,craigslist,"Los Angeles","Luxury Living @ Oakwood | Gym, Rooftop & In-Unit Laundry$3,3504804 Oakwood Ave",3350.0,https://losangeles.craigslist.org/lac/apa/d/los-angeles-luxury-living-oakwood-gym/7912686167.html,"2026-02-03 05:05:04","2026-02-03 05:05:04",0,,,,,
craigslist_7912685705,craigslist,"Los Angeles","4804 Oakwood Apartments | Modern Living with Full Appliances$3,3504804 Oakwood Ave",3350.0,https://losangeles.craigslist.org/lac/apa/d/los-angeles-4804-oakwood-apartments/7912685705.html,"2026-02-03 05:05:04","2026-02-03 05:05:04",0,,,,,
craigslist_7912682443,craigslist,"Los Angeles","Rare Large Breathtaking 2bd 2ba in great location$2,695Cordova",2695.0,https://losangeles.craigslist.org/lac/apa/d/pasadena-rare-large-breathtaking-2bd/7912682443.html,"2026-02-03 05:05:04","2026-02-03 05:05:04",0,,,,,
craigslist_7912682797,craigslist,"Los Angeles","Private & spacious 2bdrm 2ba in convenient Pasadena neighborhood$2,695Cordova",2695.0,https://losangeles.craigslist.org/lac/apa/d/pasadena-private-spacious-2bdrm-2ba-in/7912682797.html,"2026-02-03 05:05:04","2026-02-03 05:05:04",0,,,,,
craigslist_7908428144,craigslist,"Los Angeles","Spacious upper 2 bedroom in Burbank$2,500Burbank",2500.0,https://losangeles.craigslist.org/sfv/apa/d/burbank-spacious-upper-bedroom-in/7908428144.html,"2026-02-03 05:05:04","2026-02-03 05:05:04",0,,,,,
craigslist_7911182027,craigslist,"Los Angeles","Spacious 2 bedroom townhouse in Burbank$2,700Burbank",2700.0,https://losangeles.craigslist.org/sfv/apa/d/burbank-spacious-bedroom-townhouse-in/7911182027.html,"2026-02-03 05:05:04","2026-02-03 05:05:04",0,,,,,
craigslist_7909909433,craigslist,"Los Angeles","Check out our amazing location! 2 bed, 2 bath. Located in Agoura Hills$3,111Agoura Hills",3111.0,https://losangeles.craigslist.org/sfv/apa/d/agoura-hills-check-out-our-amazing/7909909433.html,"2026-02-03 05:05:04","2026-02-03 05:05:04",0,,,,,
craigslist_7912309654,craigslist,"Los Angeles","Fabulous 2bd/2ba Condo with RESORT STYLE Amenities- Pet Friendly!$3,775Sherman Oaks",3775.0,https://losangeles.craigslist.org/sfv/apa/d/sherman-oaks-fabulous-2bd-2ba-condo/7912309654.html,"2026-02-03 05:05:04","2026-02-03 05:05:04",0,,,,,
craigslist_7911609836,craigslist,"Los Angeles","In-Home Washer & Dryer, Resident Rewards Program, 2bd$3,2836300 Variel Ave, Los Angeles, CA",3283.0,https://losangeles.craigslist.org/sfv/apa/d/woodland-hills-in-home-washer-dryer/7911609836.html,"2026-02-03 05:05:04","2026-02-03 05:05:04",0,,,,,
craigslist_7912712182,craigslist,"Los Angeles","Rooftop Pool, Efficient Appliances, Rooftop BBQ Grill$3,831111 N Louise St, Glendale, CA",3831.0,https://losangeles.craigslist.org/sfv/apa/d/glendale-rooftop-pool-efficient/7912712182.html,"2026-02-03 05:05:04","2026-02-03 05:05:04",0,,,,,
craigslist_7911453100,craigslist,"Los Angeles","Open Concept Kitchen, Two Bedroom Apartment Home, Newly Renovated$3,475Santa Clarita, Valencia, Stevenson Ranch",3475.0,https://losangeles.craigslist.org/sfv/apa/d/santa-clarita-open-concept-kitchen-two/7911453100.html,"2026-02-03 05:05:04","2026-02-03 05:05:04",0,,,,,
craigslist_7910175507,craigslist,"Los Angeles","Look no further! We have it all - and more! 2 Bed, 2 Bath, 865 SqFt$2,767Los Angeles",2767.0,https://losangeles.craigslist.org/sfv/apa/d/los-angeles-look-no-further-we-have-it/7910175507.html,"2026-02-03 05:05:04","2026-02-03 05:05:04",0,,,,,
craigslist_7911879158,craigslist,"Los Angeles","On-Site Maintenance, Large Closets, Refrigerator$3,503111 N Louise St, Glendale, CA",3503.0,https://losangeles.craigslist.org/sfv/apa/d/glendale-on-site-maintenance-large/7911879158.html,"2026-02-03 05:05:04","2026-02-03 05:05:04",0,,,,,
craigslist_7907382549,craigslist,"Los Angeles","JUST perfect for you!!Beautiful 2+2 apartment. minutes from the BLD$2,595Sherman Oaks",2595.0,https://losangeles.craigslist.org/sfv/apa/d/sherman-oaks-just-perfect-for/7907382549.html,"2026-02-03 05:05:04","2026-02-03 05:05:04",0,,,,,
craigslist_7907881487,craigslist,"Los Angeles","JUST perfect for you!!Beautiful 2+2 apartment. minutes from the BLD$2,595Sherman Oaks",2595.0,https://losangeles.craigslist.org/sfv/apa/d/sherman-oaks-just-perfect-for/7907881487.html,"2026-02-03 05:05:04","2026-02-03 05:05:04",0,,,,,
craigslist_7912708135,craigslist,"Los Angeles","$2795. 2 bed/2 bath 2nd  month  free$2,795HOLLYWOOD",2795.0,https://losangeles.craigslist.org/sfv/apa/d/west-hollywood-bed-bath-2nd-month-free/7912708135.html,"2026-02-03 05:05:04","2026-02-03 05:05:04",0,,,,,
craigslist_7910568503,craigslist,"Los Angeles","We have what you need and more! Come see our fantastic views!$2,633Woodland Hills",2633.0,https://losangeles.craigslist.org/sfv/apa/d/canoga-park-we-have-what-you-need-and/7910568503.html,"2026-02-03 05:05:04","2026-02-03 05:05:04",0,,,,,
craigslist_7912705441,craigslist,"Los Angeles","Air Conditioner, Controlled Access/Gated, Free Weights$3,831111 N Louise St, Glendale, CA",3831.0,https://losangeles.craigslist.org/sfv/apa/d/glendale-air-conditioner-controlled/7912705441.html,"2026-02-03 05:05:04","2026-02-03 05:05:04",0,,,,,
craigslist_7912290264,craigslist,"Los Angeles","2Bed/2Bath w/ Private Patio or Balcony ‚Äì Tour Today$2,54021031 Parthenia St, Canoga Park, CA",2540.0,https://losangeles.craigslist.org/sfv/apa/d/winnetka-2bed-2bath-private-patio-or/7912290264.html,"2026-02-03 05:05:04","2026-02-03 05:05:04",0,,,,,
craigslist_7912701089,craigslist,"Los Angeles","*^*Trevi Villas*^* 2 Beds/ 2 Baths$3,010North Hollywood",3010.0,https://losangeles.craigslist.org/sfv/apa/d/north-hollywood-trevi-villas-beds-baths/7912701089.html,"2026-02-03 05:05:04","2026-02-03 05:05:04",0,,,,,
craigslist_7911782757,craigslist,"Los Angeles","Dishwasher, Air Conditioning, 2bd$2,7115807 Topanga Canyon Blvd, Woodland Hills, CA",2711.0,https://losangeles.craigslist.org/sfv/apa/d/woodland-hills-dishwasher-air/7911782757.html,"2026-02-03 05:05:04","2026-02-03 05:05:04",0,,,,,
craigslist_7911447515,craigslist,"Los Angeles","Reserved Parking, Large Living Room, Large Bedroom(s)$2,50625910 Tournament Rd, Valencia, CA",2506.0,https://losangeles.craigslist.org/sfv/apa/d/santa-clarita-reserved-parking-large/7911447515.html,"2026-02-03 05:05:04","2026-02-03 05:05:04",0,,,,,
craigslist_7912701006,craigslist,"Los Angeles","Effortless Commute! 2 BR Across from CSUN$2,565Northridge",2565.0,https://losangeles.craigslist.org/sfv/apa/d/northridge-effortless-commute-br-across/7912701006.html,"2026-02-03 05:05:04","2026-02-03 05:05:04",0,,,,,
craigslist_7908542512,craigslist,"Los Angeles","*^*Doman Home*^*  2 Beds/ 1 Bath$3,750Tarzana",3750.0,https://losangeles.craigslist.org/sfv/apa/d/encino-doman-home-beds-bath/7908542512.html,"2026-02-03 05:05:04","2026-02-03 05:05:04",0,,,,,
craigslist_7907025597,craigslist,"Los Angeles","NEW Luxury 2+2 - Parking and Washer and Dryer Included!!$2,650North Hollywood / Los Angeles",2650.0,https://losangeles.craigslist.org/sfv/apa/d/north-hollywood-new-luxury-22-parking/7907025597.html,"2026-02-03 05:05:04","2026-02-03 05:05:04",0,,,,,
craigslist_7908392542,craigslist,"Los Angeles","Brand NEW Luxury 2+2 - Parking, Washer and Dryer Included!!$2,995North Hollywood / Los Angeles",2995.0,https://losangeles.craigslist.org/sfv/apa/d/north-hollywood-brand-new-luxury-22/7908392542.html,"2026-02-03 05:05:04","2026-02-03 05:05:04",0,,,,,
craigslist_7907690834,craigslist,"Los Angeles","*^*Archview Apts.*^* 2 Beds/ 2 Baths$2,995Studio City",2995.0,https://losangeles.craigslist.org/sfv/apa/d/north-hollywood-archview-apts-beds-baths/7907690834.html,"2026-02-03 05:05:04","2026-02-03 05:05:04",0,,,,,
craigslist_7907015363,craigslist,"Los Angeles","*^*Blumax Magnolia*^*  2 Beds/ 2 Baths$2,500Sherman Oaks",2500.0,https://losangeles.craigslist.org/sfv/apa/d/van-nuys-blumax-magnolia-beds-baths/7907015363.html,"2026-02-03 05:05:04","2026-02-03 05:05:04",0,,,,,
craigslist_7912700098,craigslist,"Los Angeles","Two bedroom one bathroom!$2,945san fernando valley",2945.0,https://losangeles.craigslist.org/sfv/apa/d/studio-city-two-bedroom-one-bathroom/7912700098.html,"2026-02-03 05:05:04","2026-02-03 05:05:04",0,,,,,
craigslist_7907690364,craigslist,"Los Angeles","*^*Doman Home*^*  2 Beds/ 1 Bath$4,000Tarzana",4000.0,https://losangeles.craigslist.org/sfv/apa/d/encino-doman-home-beds-bath/7907690364.html,"2026-02-03 05:05:04","2026-02-03 05:05:04",0,,,,,
craigslist_7908495994,craigslist,"Los Angeles","HUGE 2 Bedroom 2.5 Bath in Tarzana, SPECIALS | Fitness Center$3,625South of Ventura Blvd.",3625.0,https://losangeles.craigslist.org/sfv/apa/d/tarzana-huge-bedroom-25-bath-in-tarzana/7908495994.html,"2026-02-03 05:05:04","2026-02-03 05:05:04",0,,,,,
craigslist_7911905121,craigslist,"Los Angeles","*^*Erwin Condo*^* 2 Beds/ 2 Baths$2,650Van Nuys",2650.0,https://losangeles.craigslist.org/sfv/apa/d/van-nuys-erwin-condo-beds-baths/7911905121.html,"2026-02-03 05:05:04","2026-02-03 05:05:04",0,,,,,
craigslist_7912699345,craigslist,"Los Angeles","Rooftop Pool, Garage, Elevator$3,831111 N Louise St, Glendale, CA",3831.0,https://losangeles.craigslist.org/sfv/apa/d/glendale-rooftop-pool-garage-elevator/7912699345.html,"2026-02-03 05:05:04","2026-02-03 05:05:04",0,,,,,
craigslist_7911578497,craigslist,"Los Angeles","Los Angeles CA, 1BD 1.5BA, Pantry with Adjustable Shelves$2,6246300 Variel Ave, Los Angeles, CA",2624.0,https://losangeles.craigslist.org/sfv/apa/d/woodland-hills-los-angeles-ca-1bd-15ba/7911578497.html,"2026-02-03 05:05:04","2026-02-03 05:05:04",0,,,,,
craigslist_7911910511,craigslist,"Los Angeles","*^*Executive House*^*  2 Beds/ 2 Baths$3,295Sherman Oaks",3295.0,https://losangeles.craigslist.org/sfv/apa/d/sherman-oaks-executive-house-beds-baths/7911910511.html,"2026-02-03 05:05:04","2026-02-03 05:05:04",0,,,,,
craigslist_7908761486,craigslist,"Los Angeles","*^*Tujunga Towers East*^*  2 Beds/ 2 Baths$2,795Studio City",2795.0,https://losangeles.craigslist.org/sfv/apa/d/studio-city-tujunga-towers-east-beds/7908761486.html,"2026-02-03 05:05:04","2026-02-03 05:05:04",0,,,,,
craigslist_7909219227,craigslist,"Los Angeles","*^*Magnolia Glen Apts.*^*  2 Beds/ 2 Baths$2,895Sherman Oaks",2895.0,https://losangeles.craigslist.org/sfv/apa/d/sherman-oaks-magnolia-glen-apts-beds/7909219227.html,"2026-02-03 05:05:04","2026-02-03 05:05:04",0,,,,,
craigslist_7910885237,craigslist,"Los Angeles","*^*Canyon Glen Apts.*^*  2 Beds/ 2 Baths$2,750Studio City",2750.0,https://losangeles.craigslist.org/sfv/apa/d/studio-city-canyon-glen-apts-beds-baths/7910885237.html,"2026-02-03 05:05:04","2026-02-03 05:05:04",0,,,,,
craigslist_7912112819,craigslist,"Los Angeles","*^*Executive House*^*  2 Beds/ 2 Baths$2,895Sherman Oaks",2895.0,https://losangeles.craigslist.org/sfv/apa/d/sherman-oaks-executive-house-beds-baths/7912112819.html,"2026-02-03 05:05:04","2026-02-03 05:05:04",0,,,,,
craigslist_7912119388,craigslist,"Los Angeles","*^*Addison Apts.*^*  2 Beds/ 2 Baths$2,795Sherman Oaks",2795.0,https://losangeles.craigslist.org/sfv/apa/d/sherman-oaks-addison-apts-beds-baths/7912119388.html,"2026-02-03 05:05:04","2026-02-03 05:05:04",0,,,,,
craigslist_7912698109,craigslist,"Los Angeles","Luxury Townhome style Apartment$3,915Sherman Oaks",3915.0,https://losangeles.craigslist.org/sfv/apa/d/sherman-oaks-luxury-townhome-style/7912698109.html,"2026-02-03 05:05:04","2026-02-03 05:05:04",0,,,,,
craigslist_7912693286,craigslist,"Los Angeles","2 BR Gem in Sylmar w/ Alluring Balcony Views$2,740Sylmar",2740.0,https://losangeles.craigslist.org/sfv/apa/d/granada-hills-br-gem-in-sylmar-alluring/7912693286.html,"2026-02-03 05:05:04","2026-02-03 05:05:04",0,,,,,
craigslist_7910223603,craigslist,"Los Angeles","Whole Foods, 405/101 Freeways - 2 weeks free +$1500 Look and Lease!$3,199Sherman Oaks",3199.0,https://losangeles.craigslist.org/sfv/apa/d/los-angeles-whole-foods-freeways-weeks/7910223603.html,"2026-02-03 05:05:04","2026-02-03 05:05:04",0,,,,,
craigslist_7911466719,craigslist,"Los Angeles","Spacious 1 Bedroom Home! 2 Weeks Free + $500 Look and Lease!$2,799Sherman Oaks",2799.0,https://losangeles.craigslist.org/sfv/apa/d/los-angeles-spacious-bedroom-home-weeks/7911466719.html,"2026-02-03 05:05:04","2026-02-03 05:05:04",0,,,,,
craigslist_7912296434,craigslist,"Los Angeles","East-Facing 2BR | Natural Light, No Harsh PM Heat - 2 weeks free!$3,099Sherman Oaks",3099.0,https://losangeles.craigslist.org/sfv/apa/d/los-angeles-east-facing-2br-natural/7912296434.html,"2026-02-03 05:05:04","2026-02-03 05:05:04",0,,,,,
craigslist_7911422533,craigslist,"Los Angeles","2+2 in Prime Encino ** Washer/Dryer ** Kitchen Whirlpool Appliances$2,950Encino",2950.0,https://losangeles.craigslist.org/sfv/apa/d/encino-22-in-prime-encino-washer-dryer/7911422533.html,"2026-02-03 05:05:04","2026-02-03 05:05:04",0,,,,,
craigslist_7912691488,craigslist,"Los Angeles","Online apartment reservations, Outdoor fireplace, Barbecue terrace$3,499san fernando valley",3499.0,https://losangeles.craigslist.org/sfv/apa/d/woodland-hills-online-apartment/7912691488.html,"2026-02-03 05:05:04","2026-02-03 05:05:04",0,,,,,
craigslist_7912280570,craigslist,"Los Angeles","Feel at home your first night! Fall in love with your 2 BR / 2 BA!$2,980Chatsworth",2980.0,https://losangeles.craigslist.org/sfv/apa/d/chatsworth-feel-at-home-your-first/7912280570.html,"2026-02-03 05:05:04","2026-02-03 05:05:04",0,,,,,
craigslist_7912696285,craigslist,"Los Angeles","Monitored Parking Patrol, On-Site Resident Storage, Gated Community$3,055La Crescenta/ Montrose",3055.0,https://losangeles.craigslist.org/sfv/apa/d/la-crescenta-monitored-parking-patrol/7912696285.html,"2026-02-03 05:05:04","2026-02-03 05:05:04",0,,,,,
craigslist_7912695914,craigslist,"Los Angeles","Walkscore of 92, Internet cafe and printing center, North Roof Deck$3,834Glendale",3834.0,https://losangeles.craigslist.org/sfv/apa/d/glendale-walkscore-of-92-internet-cafe/7912695914.html,"2026-02-03 05:05:04","2026-02-03 05:05:04",0,,,,,
craigslist_7912695575,craigslist,"Los Angeles","Private conference suite, Social seating spaces, Nest thermostats$3,722North Hollywood",3722.0,https://losangeles.craigslist.org/sfv/apa/d/north-hollywood-private-conference/7912695575.html,"2026-02-03 05:05:04","2026-02-03 05:05:04",0,,,,,
craigslist_7912690939,craigslist,"Los Angeles","CHATSWORTH Modern 2 Bedroom, Specials, Controlled Access, Pool & Spa$3,090Chatsworth",3090.0,https://losangeles.craigslist.org/sfv/apa/d/chatsworth-chatsworth-modern-bedroom/7912690939.html,"2026-02-03 05:05:04","2026-02-03 05:05:04",0,,,,,
craigslist_7912694019,craigslist,"Los Angeles","Check Out Our Sparkling Swimming Pool at Terra Vista!$2,595Reseda",2595.0,https://losangeles.craigslist.org/sfv/apa/d/reseda-check-out-our-sparkling-swimming/7912694019.html,"2026-02-03 05:05:04","2026-02-03 05:05:04",0,,,,,
craigslist_7912687219,craigslist,"Los Angeles","2 Bedroom 1 BA in Mission Hills, $2,000 Off, Plank Flooring Throughout$2,500Granada Hills Adj.",2500.0,https://losangeles.craigslist.org/sfv/apa/d/mission-hills-bedroom-ba-in-mission/7912687219.html,"2026-02-03 05:05:04","2026-02-03 05:05:04",0,,,,,
lejebolig_1492357,lejebolig,Copenhagen,"Nedsat husleje for penthouse lejlighed, - med...",1257.9,https://en.lejebolig.dk/lejebolig/1492357/nedsat-husleje-for-penthouse-lejlighed-med-fri-panorama-udsigt,2026-02-04,2026-02-04,0,,,,,
lejebolig_1877707,lejebolig,Copenhagen,"Sj√¶lden herskabslejlighed p√• Strandgade - 377...",7945.0,https://en.lejebolig.dk/lejebolig/1877707/sjaelden-herskabslejlighed-paa-strandgade-377-m-historisk-elegance-midt-paa-christianshavn,2026-02-04,2026-02-04,0,,,,,
lejebolig_1531225,lejebolig,Copenhagen,"Nedsat - Total nyistandsat 2-v√¶relses lejlighed",1531.46,https://en.lejebolig.dk/lejebolig/1531225/nedsat-total-nyistandsat-2-vaerelses-lejlighed,2026-02-04,2026-02-04,0,,,,,
lejebolig_1492385,lejebolig,Copenhagen,"NEDSAT husleje inkl. egen p-plads/kr√¶ver bil",1786.4,https://en.lejebolig.dk/lejebolig/1492385/nedsat-husleje-inkl-egen-p-plads-kraever-bil,2026-02-04,2026-02-04,0,,,,,
lejebolig_1746341,lejebolig,Copenhagen,"Stor og meget lys 3 v√¶relses lejlighed",1834.0,https://en.lejebolig.dk/lejebolig/1746341/stor-og-meget-lys-3-vaerelses-lejlighed,2026-02-04,2026-02-04,0,,,,,
lejebolig_1871613,lejebolig,Copenhagen,"Bright and Modern Apartment for Rent at Attract...",2590.0,https://en.lejebolig.dk/lejebolig/1871613/lys-og-moderne-lejlighed-paa-attraktive-amerika-plads-udlejes,2026-02-04,2026-02-04,0,,,,,
lejebolig_1871605,lejebolig,Copenhagen,"Apartment on Gammel K√∏ge Landevej in Valby",1232.0,https://en.lejebolig.dk/lejebolig/1871605/lejlighed-paa-gammel-koege-landevej-i-valby,2026-02-04,2026-02-04,0,,,,,
lejebolig_1870424,lejebolig,Copenhagen,"30 m2 apartment in K√∏benhavn S",1358.0,https://en.lejebolig.dk/lejebolig/1870424/30-m2-lejlighed-i-koebenhavn-s,2026-02-04,2026-02-04,0,,,,,
lejebolig_1864862,lejebolig,Copenhagen,"Apartment with balcony",1428.0,https://en.lejebolig.dk/lejebolig/1864862/lejlighed-med-altan-terrasse,2026-02-04,2026-02-04,0,,,,,
lejebolig_1522938,lejebolig,Copenhagen,"90 m2 apartment on Vestre Teglgade",2379.3,https://en.lejebolig.dk/lejebolig/1522938/90-m2-lejlighed-paa-vestre-teglgade,2026-02-04,2026-02-04,0,,,,,
lejebolig_1880154,lejebolig,Copenhagen,"Student accommodation of 45 m2 for 7,516 kr.",1052.24,https://en.lejebolig.dk/lejebolig/1880154/ungdomsbolig-paa-45-m2-til-7516-kr,2026-02-04,2026-02-04,0,,,,,
lejebolig_1880153,lejebolig,Copenhagen,"Apartment on Tobaksvejen in S√∏borg",937.3,https://en.lejebolig.dk/lejebolig/1880153/lejlighed-paa-tobaksvejen-i-soeborg,2026-02-04,2026-02-04,0,,,,,
lejebolig_1879941,lejebolig,Copenhagen,"Apartment on Tobaksvejen in S√∏borg",1052.24,https://en.lejebolig.dk/lejebolig/1879941/lejlighed-paa-tobaksvejen-i-soeborg,2026-02-04,2026-02-04,0,,,,,
lejebolig_1879940,lejebolig,Copenhagen,"Tobaksvejen, 27 m2, 1 rooms, 6,087 kr.",852.18,https://en.lejebolig.dk/lejebolig/1879940/tobaksvejen-27-m2-1-vaerelser-6087-kr,2026-02-04,2026-02-04,0,,,,,
lejebolig_1879939,lejebolig,Copenhagen,"Apartment on Tobaksvejen in S√∏borg",852.18,https://en.lejebolig.dk/lejebolig/1879939/lejlighed-paa-tobaksvejen-i-soeborg,2026-02-04,2026-02-04,0,,,,,
lejebolig_1879938,lejebolig,Copenhagen,"1 rooms for 6,100 kr. per month",854.0,https://en.lejebolig.dk/lejebolig/1879938/1-vaerelser-for-6100-kr-pr-maaned,2026-02-04,2026-02-04,0,,,,,
lejebolig_1879937,lejebolig,Copenhagen,"1 rooms for 6,087 kr. per month",852.18,https://en.lejebolig.dk/lejebolig/1879937/1-vaerelser-for-6087-kr-pr-maaned,2026-02-04,2026-02-04,0,,,,,
lejebolig_1879936,lejebolig,Copenhagen,"27 m2 apartment on Tobaksvejen",852.18,https://en.lejebolig.dk/lejebolig/1879936/27-m2-lejlighed-paa-tobaksvejen,2026-02-04,2026-02-04,0,,,,,
lejebolig_1871600,lejebolig,Copenhagen,"1 room apartment of 31 m2",1232.0,https://en.lejebolig.dk/lejebolig/1871600/1-vaerelses-lejlighed-paa-31-m2,2026-02-04,2026-02-04,0,,,,,
lejebolig_1875186,lejebolig,Copenhagen,"Svendborggade, 44 m2, 1 rooms, 12,200 kr.",1708.0,https://en.lejebolig.dk/lejebolig/1875186/svendborggade-44-m2-1-vaerelser-12200-kr,2026-02-04,2026-02-04,0,,,,,
lejebolig_1873059,lejebolig,Copenhagen,"Apartment for 11,400 kr.",1596.0,https://en.lejebolig.dk/lejebolig/1873059/lejlighed-til-11400-kr,2026-02-04,2026-02-04,0,,,,,
lejebolig_1635425,lejebolig,Copenhagen,"3 room apartment of 84 m2",2114.0,https://en.lejebolig.dk/lejebolig/1635425/3-vaerelses-lejlighed-paa-84-m2,2026-02-04,2026-02-04,0,,,,,
lejebolig_1876650,lejebolig,Copenhagen,"5 room apartment on 120 m2",3486.0,https://en.lejebolig.dk/lejebolig/1876650/koebenhavn-k--city--peder-skrams-gade--korttidsleje--i-eftertragtet-kvarter--moebleret-luksus-penthouse-lejlighed,2026-02-04,2026-02-04,0,,,,,
lejebolig_1880681,lejebolig,Copenhagen,"Apartment for 19,000 kr.",2660.0,https://en.lejebolig.dk/lejebolig/1880681/lejlighed-til-19000-kr,2026-02-04,2026-02-04,0,,,,,
lejebolig_1880680,lejebolig,Copenhagen,"4 room apartment of 103 m2",2226.0,https://en.lejebolig.dk/lejebolig/1880680/4-vaerelses-lejlighed-paa-103-m2,2026-02-04,2026-02-04,0,,,,,
lejebolig_1880679,lejebolig,Copenhagen,"83 m2 apartment in Albertslund",1806.0,https://en.lejebolig.dk/lejebolig/1880679/83-m2-lejlighed-i-albertslund,2026-02-04,2026-02-04,0,,,,,
lejebolig_1867483,lejebolig,Copenhagen,"5 rooms for 21,750 kr. per month",3045.0,https://en.lejebolig.dk/lejebolig/1867483/5-vaerelser-for-21750-kr-pr-maaned,2026-02-04,2026-02-04,0,,,,,
lejebolig_1842319,lejebolig,Copenhagen,"Apartment with balcony",1442.0,https://en.lejebolig.dk/lejebolig/1842319/lejlighed-med-altan-terrasse,2026-02-04,2026-02-04,0,,,,,
lejebolig_1821732,lejebolig,Copenhagen,"Apartment for 10,495 kr.",1469.3,https://en.lejebolig.dk/lejebolig/1821732/lejlighed-til-10495-kr,2026-02-04,2026-02-04,0,,,,,
lejebolig_1522456,lejebolig,Copenhagen,"3 rooms for 15,900 kr. per month",2226.0,https://en.lejebolig.dk/lejebolig/1522456/3-vaerelser-for-15900-kr-pr-maaned,2026-02-04,2026-02-04,0,,,,,
lejebolig_1868809,lejebolig,Copenhagen,"107 m2 apartment in Frederiksberg C",3430.0,https://en.lejebolig.dk/lejebolig/1868809/eksklusiv-og-indbydende-lejlighed-paa-jacobys-alle--107-m-med-perfekt-beliggenhed,2026-02-04,2026-02-04,0,,,,,
lejebolig_1876638,lejebolig,Copenhagen,"Apartment for 15,800 kr.",2212.0,https://en.lejebolig.dk/lejebolig/1876638/lejlighed-til-15800-kr,2026-02-04,2026-02-04,0,,,,,
lejebolig_1880675,lejebolig,Copenhagen,"Virkelund All√©, 83 m2, 3 rooms, 12,900 kr.",1806.0,https://en.lejebolig.dk/lejebolig/1880675/virkelund-alle-83-m2-3-vaerelser-12900-kr,2026-02-04,2026-02-04,0,,,,,
lejebolig_1880673,lejebolig,Copenhagen,"Apartment for 15,900 kr.",2226.0,https://en.lejebolig.dk/lejebolig/1880673/lejlighed-til-15900-kr,2026-02-04,2026-02-04,0,,,,,
lejebolig_1880672,lejebolig,Copenhagen,"36 m2 apartment on Molestien",987.7,https://en.lejebolig.dk/lejebolig/1880672/36-m2-lejlighed-paa-molestien,2026-02-04,2026-02-04,0,,,,,
lejebolig_1880670,lejebolig,Copenhagen,"1 room apartment of 41 m2",1101.66,https://en.lejebolig.dk/lejebolig/1880670/1-vaerelses-lejlighed-paa-41-m2,2026-02-04,2026-02-04,0,,,,,
lejebolig_1880669,lejebolig,Copenhagen,"69 m2 apartment on C.F. M√∏llers All√©",1766.52,https://en.lejebolig.dk/lejebolig/1880669/69-m2-lejlighed-paa-cf-moellers-alle,2026-02-04,2026-02-04,0,,,,,
lejebolig_1880663,lejebolig,Copenhagen,"33 m2 apartment on Poul Reichhardts Vej",1197.0,https://en.lejebolig.dk/lejebolig/1880663/33-m2-lejlighed-paa-poul-reichhardts-vej,2026-02-04,2026-02-04,0,,,,,
lejebolig_1880657,lejebolig,Copenhagen,"81 m2 apartment on Posten",3080.0,https://en.lejebolig.dk/lejebolig/1880657/81-m2-lejlighed-paa-posten,2026-02-04,2026-02-04,0,,,,,
lejebolig_1879693,lejebolig,Copenhagen,"2 room apartment of 66 m2",1638.0,https://en.lejebolig.dk/lejebolig/1879693/2-vaerelses-lejlighed-paa-66-m2,2026-02-04,2026-02-04,0,,,,,
